Unnamed: 0,id,name,symbol,slug,num_market_pairs,date_added,tags,max_supply,circulating_supply,total_supply,infinite_supply,platform,cmc_rank,self_reported_circulating_supply,self_reported_market_cap,tvl_ratio,last_updated,quote,whitepaper_link,og_whitepaper_link,combined_links
0,1,Bitcoin,BTC,bitcoin,11105,2010-07-13T00:00:00.000Z,"['mineable', 'pow', 'sha-256', 'store-of-value', 'state-channel', 'coinbase-ventures-portfolio', 'three-arrows-capital-portfolio', 'polychain-capital-portfolio', 'binance-labs-portfolio', 'blockchain-capital-portfolio', 'boostvc-portfolio', 'cms-holdings-portfolio', 'dcg-portfolio', 'dragonfly-capital-portfolio', 'electric-capital-portfolio', 'fabric-ventures-portfolio', 'framework-ventures-portfolio', 'galaxy-digital-portfolio', 'huobi-capital-portfolio', 'alameda-research-portfolio', 'a16z-portfolio', '1confirmation-portfolio', 'winklevoss-capital-portfolio', 'usv-portfolio', 'placeholder-ventures-portfolio', 'pantera-capital-portfolio', 'multicoin-capital-portfolio', 'paradigm-portfolio', 'bitcoin-ecosystem', 'ftx-bankruptcy-estate']",21000000.0,19709665.0,19709665.0,False,,1,,,,2024-06-08T19:21:00.000Z,"{'USD': {'price': 69469.22853544896, 'volume_24h': 16917512747.969442, 'volume_change_24h': -53.0532, 'percent_change_1h': 0.04166392, 'percent_change_24h': 0.95024538, 'percent_change_7d': 2.70739919, 'percent_change_30d': 11.54559098, 'percent_change_60d': 1.04046949, 'percent_change_90d': 0.02485054, 'market_cap': 1369215222242.1396, 'market_cap_dominance': 53.8866, 'fully_diluted_market_cap': 1458853799244.43, 'tvl': None, 'last_updated': '2024-06-08T19:21:00.000Z'}}",https://whitepaper.io/document/0/bitcoin-whitepaper,https://bitcoin.org/bitcoin.pdf,https://whitepaper.io/document/0/bitcoin-whitepaper
1,1027,Ethereum,ETH,ethereum,9052,2015-08-07T00:00:00.000Z,"['pos', 'smart-contracts', 'ethereum-ecosystem', 'coinbase-ventures-portfolio', 'three-arrows-capital-portfolio', 'polychain-capital-portfolio', 'binance-labs-portfolio', 'blockchain-capital-portfolio', 'boostvc-portfolio', 'cms-holdings-portfolio', 'dcg-portfolio', 'dragonfly-capital-portfolio', 'electric-capital-portfolio', 'fabric-ventures-portfolio', 'framework-ventures-portfolio', 'hashkey-capital-portfolio', 'kenetic-capital-portfolio', 'huobi-capital-portfolio', 'alameda-research-portfolio', 'a16z-portfolio', '1confirmation-portfolio', 'winklevoss-capital-portfolio', 'usv-portfolio', 'placeholder-ventures-portfolio', 'pantera-capital-portfolio', 'multicoin-capital-portfolio', 'paradigm-portfolio', 'injective-ecosystem', 'layer-1', 'ftx-bankruptcy-estate']",,120149222.4397492,120149222.4397492,True,,2,,,,2024-06-08T19:20:00.000Z,"{'USD': {'price': 3690.2516602496867, 'volume_24h': 10559690476.20269, 'volume_change_24h': -42.1277, 'percent_change_1h': -0.07111927, 'percent_change_24h': 0.57509656, 'percent_change_7d': -2.80103644, 'percent_change_30d': 22.30823552, 'percent_change_60d': 5.42758231, 'percent_change_90d': -5.47516815, 'market_cap': 443380867585.9934, 'market_cap_dominance': 17.4496, 'fully_diluted_market_cap': 443380867585.99, 'tvl': None, 'last_updated': '2024-06-08T19:20:00.000Z'}}",https://whitepaper.io/document/718/ethereum-whitepaper,https://github.com/ethereum/wiki/wiki/White-Paper,https://whitepaper.io/document/718/ethereum-whitepaper
2,825,Tether USDt,USDT,tether,88080,2015-02-25T00:00:00.000Z,"['stablecoin', 'asset-backed-stablecoin', 'avalanche-ecosystem', 'solana-ecosystem', 'arbitrum-ecosytem', 'moonriver-ecosystem', 'injective-ecosystem', 'bnb-chain', 'usd-stablecoin', 'optimism-ecosystem', 'fiat-stablecoin']",,112453114731.33092,115086088103.16122,True,"{'id': 1027, 'name': 'Ethereum', 'symbol': 'ETH', 'slug': 'ethereum', 'token_address': '0xdac17f958d2ee523a2206206994597c13d831ec7'}",3,,,,2024-06-08T19:20:00.000Z,"{'USD': {'price': 0.9999387785180386, 'volume_24h': 48096275499.940125, 'volume_change_24h': -41.4495, 'percent_change_1h': -0.00680025, 'percent_change_24h': 0.05454998, 'percent_change_7d': 0.07484555, 'percent_change_30d': 0.00967605, 'percent_change_60d': 0.02517806, 'percent_change_90d': -0.19466886, 'market_cap': 112446230184.9959, 'market_cap_dominance': 4.4254, 'fully_diluted_market_cap': 115079042362.29, 'tvl': None, 'last_updated': '2024-06-08T19:20:00.000Z'}}",https://whitepaper.io/document/6/tether-whitepaper,https://tether.to/wp-content/uploads/2016/06/TetherWhitePaper.pdf,https://whitepaper.io/document/6/tether-whitepaper
3,1839,BNB,BNB,bnb,2179,2017-07-25T00:00:00.000Z,"['marketplace', 'centralized-exchange', 'payments', 'smart-contracts', 'alameda-research-portfolio', 'multicoin-capital-portfolio', 'bnb-chain', 'layer-1', 'sec-security-token', 'alleged-sec-securities', 'celsius-bankruptcy-estate']",,147564508.17518213,147564508.17518213,False,,4,,,,2024-06-08T19:20:00.000Z,"{'USD': {'price': 686.5961586689905, 'volume_24h': 2092236665.6448278, 'volume_change_24h': -30.3316, 'percent_change_1h': 0.07243951, 'percent_change_24h': 1.16185123, 'percent_change_7d': 15.1841498, 'percent_change_30d': 15.5255532, 'percent_change_60d': 18.62660676, 'percent_change_90d': 29.48953551, 'market_cap': 101317224468.9589, 'market_cap_dominance': 3.9877, 'fully_diluted_market_cap': 101317224468.96, 'tvl': None, 'last_updated': '2024-06-08T19:20:00.000Z'}}",,,
4,5426,Solana,SOL,solana,678,2020-04-10T00:00:00.000Z,"['pos', 'platform', 'solana-ecosystem', 'cms-holdings-portfolio', 'kenetic-capital-portfolio', 'alameda-research-portfolio', 'multicoin-capital-portfolio', 'okx-ventures-portfolio', 'layer-1', 'ftx-bankruptcy-estate', 'sec-security-token', 'alleged-sec-securities', 'cmc-crypto-awards-2024']",,460568392.51194274,577710309.8058813,True,,5,,,,2024-06-08T19:20:00.000Z,"{'USD': {'price': 160.17635856095566, 'volume_24h': 1917766391.2891436, 'volume_change_24h': -42.0715, 'percent_change_1h': -0.39132586, 'percent_change_24h': -0.81624884, 'percent_change_7d': -4.16957369, 'percent_change_30d': 7.88709448, 'percent_change_60d': -7.97333351, 'percent_change_90d': 10.49279435, 'market_cap': 73772167980.8359, 'market_cap_dominance': 2.9034, 'fully_diluted_market_cap': 92535533727.83, 'tvl': None, 'last_updated': '2024-06-08T19:20:00.000Z'}}",https://whitepaper.io/document/602/solana-whitepaper,https://solana.com/solana-whitepaper.pdf,https://whitepaper.io/document/602/solana-whitepaper
5,3408,USDC,USDC,usd-coin,19652,2018-10-08T00:00:00.000Z,"['medium-of-exchange', 'stablecoin', 'asset-backed-stablecoin', 'coinbase-ventures-portfolio', 'hedera-hashgraph-ecosystem', 'fantom-ecosystem', 'arbitrum-ecosytem', 'moonriver-ecosystem', 'bnb-chain', 'usd-stablecoin', 'optimism-ecosystem', 'fiat-stablecoin']",,32185641953.868404,32185641953.868404,False,"{'id': 1027, 'name': 'Ethereum', 'symbol': 'ETH', 'slug': 'ethereum', 'token_address': '0xa0b86991c6218b36c1d19d4a2e9eb0ce3606eb48'}",6,,,,2024-06-08T19:20:00.000Z,"{'USD': {'price': 1.0000396086843237, 'volume_24h': 3654729168.969278, 'volume_change_24h': -51.6832, 'percent_change_1h': -0.00365615, 'percent_change_24h': 0.01107978, 'percent_change_7d': -0.00402511, 'percent_change_30d': -0.00090046, 'percent_change_60d': 0.00478991, 'percent_change_90d': 0.01139796, 'market_cap': 32186916784.800312, 'market_cap_dominance': 1.2667, 'fully_diluted_market_cap': 32186916784.8, 'tvl': None, 'last_updated': '2024-06-08T19:20:00.000Z'}}",https://whitepaper.io/document/716/usd-coin-whitepaper,https://f.hubspotusercontent30.net/hubfs/9304636/PDF/centre-whitepaper.pdf,https://whitepaper.io/document/716/usd-coin-whitepaper
6,52,XRP,XRP,xrp,1339,2013-08-04T00:00:00.000Z,"['medium-of-exchange', 'enterprise-solutions', 'arrington-xrp-capital-portfolio', 'galaxy-digital-portfolio', 'a16z-portfolio', 'pantera-capital-portfolio', 'ftx-bankruptcy-estate']",100000000000.0,55506158411.0,99987553871.0,False,,7,,,,2024-06-08T19:21:00.000Z,"{'USD': {'price': 0.4940825133465051, 'volume_24h': 993956592.2493969, 'volume_change_24h': -56.7488, 'percent_change_1h': -0.16049485, 'percent_change_24h': 0.7822301, 'percent_change_7d': -4.67669444, 'percent_change_30d': -4.7602079, 'percent_change_60d': -20.5168259, 'percent_change_90d': -19.42349051, 'market_cap': 27424622253.916134, 'market_cap_dominance': 1.0793, 'fully_diluted_market_cap': 49408251334.65, 'tvl': None, 'last_updated': '2024-06-08T19:21:00.000Z'}}",,https://ripple.com/files/ripple_consensus_whitepaper.pdf,https://ripple.com/files/ripple_consensus_whitepaper.pdf
7,74,Dogecoin,DOGE,dogecoin,984,2013-12-15T00:00:00.000Z,"['mineable', 'pow', 'scrypt', 'medium-of-exchange', 'memes', 'payments', 'doggone-doggerel', 'bnb-chain', 'ftx-bankruptcy-estate']",,144628366383.7052,144628366383.7052,True,,8,,,,2024-06-08T19:21:00.000Z,"{'USD': {'price': 0.14638749418516991, 'volume_24h': 992040964.7774158, 'volume_change_24h': -34.5974, 'percent_change_1h': -0.20892099, 'percent_change_24h': -0.45810402, 'percent_change_7d': -8.7873706, 'percent_change_30d': -2.13733282, 'percent_change_60d': -22.05557302, 'percent_change_90d': -15.68234284, 'market_cap': 21171784143.00527, 'market_cap_dominance': 0.8332, 'fully_diluted_market_cap': 21171784143.01, 'tvl': None, 'last_updated': '2024-06-08T19:21:00.000Z'}}",https://whitepaper.io/document/672/dogecoin-whitepaper,https://github.com/dogecoin/dogecoin/blob/master/README.md,https://whitepaper.io/document/672/dogecoin-whitepaper
8,11419,Toncoin,TON,toncoin,392,2021-08-26T13:40:22.000Z,"['pos', 'layer-1', 'ftx-bankruptcy-estate', 'dwf-labs-portfolio', 'toncoin-ecosystem']",,2431636640.9940844,5107349541.222528,True,,9,3414166606.0,24221183563.645943,,2024-06-08T19:20:00.000Z,"{'USD': {'price': 7.094317987025014, 'volume_24h': 282632794.30515784, 'volume_change_24h': -44.1688, 'percent_change_1h': -0.73197526, 'percent_change_24h': -1.44120643, 'percent_change_7d': 12.98448406, 'percent_change_30d': 11.16814699, 'percent_change_60d': 6.64505455, 'percent_change_90d': 151.82423128, 'market_cap': 17250803560.11342, 'market_cap_dominance': 0.6789, 'fully_diluted_market_cap': 36233161716.32, 'tvl': None, 'last_updated': '2024-06-08T19:20:00.000Z'}}",https://whitepaper.io/document/0/toncoin-whitepaper,https://ton.org/whitepaper.pdf,https://whitepaper.io/document/0/toncoin-whitepaper
9,2010,Cardano,ADA,cardano,1192,2017-10-01T00:00:00.000Z,"['dpos', 'pos', 'platform', 'research', 'smart-contracts', 'staking', 'cardano-ecosystem', 'cardano', 'layer-1', 'sec-security-token', 'alleged-sec-securities']",45000000000.0,35716346033.478,36939171470.778,False,,10,,,,2024-06-08T19:20:00.000Z,"{'USD': {'price': 0.4349868240577012, 'volume_24h': 399680685.3588454, 'volume_change_24h': -53.2432, 'percent_change_1h': -0.26839408, 'percent_change_24h': -2.73591073, 'percent_change_7d': -3.06494267, 'percent_change_30d': -5.23557041, 'percent_change_60d': -27.48336094, 'percent_change_90d': -39.51362421, 'market_cap': 15536139928.048468, 'market_cap_dominance': 0.6115, 'fully_diluted_market_cap': 19574407082.6, 'tvl': None, 'last_updated': '2024-06-08T19:20:00.000Z'}}",https://whitepaper.io/document/581/cardano-whitepaper,https://docs.cardano.org/en/latest/,https://whitepaper.io/document/581/cardano-whitepaper
10,5994,Shiba Inu,SHIB,shiba-inu,829,2020-08-01T00:00:00.000Z,"['memes', 'ethereum-ecosystem', 'doggone-doggerel']",,589271777628014.2,589519951065358.5,False,"{'id': 1027, 'name': 'Ethereum', 'symbol': 'ETH', 'slug': 'ethereum', 'token_address': '0x95ad61b0a150d79219dcf64e1e6cc01f0b64c4ce'}",11,,,,2024-06-08T19:20:00.000Z,"{'USD': {'price': 2.3312256697502826e-05, 'volume_24h': 461457437.4233115, 'volume_change_24h': -39.3068, 'percent_change_1h': -0.32530745, 'percent_change_24h': -0.32202027, 'percent_change_7d': -7.78421277, 'percent_change_30d': 0.25208157, 'percent_change_60d': -15.50575013, 'percent_change_90d': -30.8457816, 'market_cap': 13737254944.658072, 'market_cap_dominance': 0.5406, 'fully_diluted_market_cap': 13743040427.53, 'tvl': None, 'last_updated': '2024-06-08T19:20:00.000Z'}}",https://whitepaper.io/document/758/shiba-inu-whitepaper,https://github.com/shytoshikusama/woofwoofpaper/raw/main/SHIBA_INU_WOOF_WOOF.pdf,https://whitepaper.io/document/758/shiba-inu-whitepaper
11,5805,Avalanche,AVAX,avalanche,739,2020-07-13T00:00:00.000Z,"['defi', 'smart-contracts', 'three-arrows-capital-portfolio', 'polychain-capital-portfolio', 'avalanche-ecosystem', 'cms-holdings-portfolio', 'dragonfly-capital-portfolio', 'moonriver-ecosystem', 'injective-ecosystem', 'real-world-assets', 'layer-1']",715748719.0,393255135.1160755,442601505.1160755,False,,12,,,,2024-06-08T19:20:00.000Z,"{'USD': {'price': 32.54918500821353, 'volume_24h': 314565536.1183741, 'volume_change_24h': -48.0905, 'percent_change_1h': -0.15058393, 'percent_change_24h': -2.14135023, 'percent_change_7d': -9.32047731, 'percent_change_30d': -5.39840328, 'percent_change_60d': -30.9274914, 'percent_change_90d': -22.70935273, 'market_cap': 12800134148.32315, 'market_cap_dominance': 0.5038, 'fully_diluted_market_cap': 23297037474.12, 'tvl': None, 'last_updated': '2024-06-08T19:20:00.000Z'}}",https://whitepaper.io/document/604/avalanche-whitepaper,https://www.avalabs.org/whitepapers,https://whitepaper.io/document/604/avalanche-whitepaper
12,1958,TRON,TRX,tron,988,2017-09-13T00:00:00.000Z,"['media', 'payments', 'tron-ecosystem', 'layer-1', 'dwf-labs-portfolio', 'sec-security-token', 'alleged-sec-securities']",,87324372925.1978,87324388212.74991,True,,13,71659659264.0,8226547463.267417,,2024-06-08T19:20:00.000Z,"{'USD': {'price': 0.11480025927781974, 'volume_24h': 330818879.9446516, 'volume_change_24h': -13.726, 'percent_change_1h': 0.1860428, 'percent_change_24h': 1.81150407, 'percent_change_7d': 1.94917639, 'percent_change_30d': -9.28794556, 'percent_change_60d': -4.86255182, 'percent_change_90d': -14.91334185, 'market_cap': 10024860653.08573, 'market_cap_dominance': 0.3945, 'fully_diluted_market_cap': 10024862408.1, 'tvl': None, 'last_updated': '2024-06-08T19:20:00.000Z'}}",https://whitepaper.io/document/4/tron-whitepaper,https://developers.tron.network/docs,https://whitepaper.io/document/4/tron-whitepaper
13,1975,Chainlink,LINK,chainlink,1792,2017-09-20T00:00:00.000Z,"['platform', 'defi', 'oracles', 'smart-contracts', 'substrate', 'polkadot', 'polkadot-ecosystem', 'avalanche-ecosystem', 'solana-ecosystem', 'framework-ventures-portfolio', 'polygon-ecosystem', 'fantom-ecosystem', 'cardano-ecosystem', 'web3', 'near-protocol-ecosystem', 'arbitrum-ecosytem', 'cardano', 'injective-ecosystem', 'optimism-ecosystem', 'real-world-assets', 'celsius-bankruptcy-estate']",,587099970.4527867,1000000000.0,False,"{'id': 1027, 'name': 'Ethereum', 'symbol': 'ETH', 'slug': 'ethereum', 'token_address': '0x514910771af9ca656af840dff83e8264ecf986ca'}",14,,,,2024-06-08T19:20:00.000Z,"{'USD': {'price': 15.85609626263386, 'volume_24h': 331334007.354253, 'volume_change_24h': -40.1967, 'percent_change_1h': -0.28679051, 'percent_change_24h': -2.39759579, 'percent_change_7d': -14.39408253, 'percent_change_30d': 11.61861198, 'percent_change_60d': -9.42717389, 'percent_change_90d': -20.00074684, 'market_cap': 9309113647.288881, 'market_cap_dominance': 0.3664, 'fully_diluted_market_cap': 15856096262.63, 'tvl': None, 'last_updated': '2024-06-08T19:20:00.000Z'}}",https://whitepaper.io/document/387/chainlink-whitepaper,https://chain.link/whitepaper,https://whitepaper.io/document/387/chainlink-whitepaper
14,1831,Bitcoin Cash,BCH,bitcoin-cash,895,2017-07-23T00:00:00.000Z,"['mineable', 'pow', 'sha-256', 'marketplace', 'medium-of-exchange', 'store-of-value', 'enterprise-solutions', 'payments', 'bitcoin-ecosystem', 'layer-1']",21000000.0,19716637.5,19716637.5,False,,15,,,,2024-06-08T19:20:00.000Z,"{'USD': {'price': 471.4391859333397, 'volume_24h': 316253355.2137168, 'volume_change_24h': -38.8974, 'percent_change_1h': -0.04654628, 'percent_change_24h': -1.44434092, 'percent_change_7d': 2.35314427, 'percent_change_30d': 5.2837427, 'percent_change_60d': -29.735629, 'percent_change_90d': 10.56951277, 'market_cap': 9295195532.342758, 'market_cap_dominance': 0.3658, 'fully_diluted_market_cap': 9900222904.6, 'tvl': None, 'last_updated': '2024-06-08T19:20:00.000Z'}}",,,
15,6636,Polkadot,DOT,polkadot-new,783,2020-08-19T00:00:00.000Z,"['substrate', 'polkadot', 'binance-chain', 'polkadot-ecosystem', 'three-arrows-capital-portfolio', 'polychain-capital-portfolio', 'arrington-xrp-capital-portfolio', 'blockchain-capital-portfolio', 'boostvc-portfolio', 'cms-holdings-portfolio', 'coinfund-portfolio', 'fabric-ventures-portfolio', 'fenbushi-capital-portfolio', 'hashkey-capital-portfolio', 'kenetic-capital-portfolio', '1confirmation-portfolio', 'placeholder-ventures-portfolio', 'pantera-capital-portfolio', 'exnetwork-capital-portfolio', 'web3', 'spartan-group', 'injective-ecosystem', 'bnb-chain', 'layer-1']",,1437953431.368154,1437953431.368154,True,,16,1454688888.875316,9338247962.874489,,2024-06-08T19:20:00.000Z,"{'USD': {'price': 6.419412449141823, 'volume_24h': 219916753.26052645, 'volume_change_24h': -33.511, 'percent_change_1h': -0.76457972, 'percent_change_24h': -1.97164183, 'percent_change_7d': -9.10912152, 'percent_change_30d': -8.2874983, 'percent_change_60d': -27.1574123, 'percent_change_90d': -37.47402943, 'market_cap': 9230816158.61093, 'market_cap_dominance': 0.3633, 'fully_diluted_market_cap': 9230816158.61, 'tvl': None, 'last_updated': '2024-06-08T19:20:00.000Z'}}",,https://polkadot.network/whitepaper/,https://polkadot.network/whitepaper/
16,6535,NEAR Protocol,NEAR,near-protocol,420,2020-08-11T00:00:00.000Z,"['platform', 'ai-big-data', 'staking', 'coinbase-ventures-portfolio', 'three-arrows-capital-portfolio', 'arrington-xrp-capital-portfolio', 'coinfund-portfolio', 'electric-capital-portfolio', 'fabric-ventures-portfolio', 'kenetic-capital-portfolio', 'near-protocol-ecosystem', 'cross-chain', 'injective-ecosystem', 'circle-ventures-portfolio', 'layer-1', 'sec-security-token', 'alleged-sec-securities', 'account-abstraction', 'data-availability']",,1083472685.0,1194656594.0,False,,17,,,,2024-06-08T19:21:00.000Z,"{'USD': {'price': 6.58775667841163, 'volume_24h': 267374172.4931985, 'volume_change_24h': -42.1613, 'percent_change_1h': -0.41390063, 'percent_change_24h': -1.5624407, 'percent_change_7d': -10.59790085, 'percent_change_30d': -8.24661351, 'percent_change_60d': -9.48805843, 'percent_change_90d': 10.53080374, 'market_cap': 7137654416.48533, 'market_cap_dominance': 0.2809, 'fully_diluted_market_cap': 7870106955.53, 'tvl': None, 'last_updated': '2024-06-08T19:21:00.000Z'}}",,https://near.org/papers/the-official-near-white-paper,https://near.org/papers/the-official-near-white-paper
17,3890,Polygon,MATIC,polygon,1401,2019-04-28T00:00:00.000Z,"['pos', 'platform', 'enterprise-solutions', 'zero-knowledge-proofs', 'scaling', 'state-channel', 'coinbase-ventures-portfolio', 'layer-2', 'binance-launchpad', 'binance-labs-portfolio', 'polygon-ecosystem', 'moonriver-ecosystem', 'injective-ecosystem', 'ftx-bankruptcy-estate', 'sec-security-token', 'alleged-sec-securities', 'modular-blockchain', 'standard-crypto-portfolio']",,9897467192.221312,10000000000.0,False,,18,,,,2024-06-08T19:20:00.000Z,"{'USD': {'price': 0.6516599722038291, 'volume_24h': 290396472.8384533, 'volume_change_24h': -43.6296, 'percent_change_1h': -0.00394619, 'percent_change_24h': -1.38981901, 'percent_change_7d': -5.91361654, 'percent_change_30d': -5.48173955, 'percent_change_60d': -27.82167375, 'percent_change_90d': -46.46300726, 'market_cap': 6449783195.371251, 'market_cap_dominance': 0.2539, 'fully_diluted_market_cap': 6516599722.04, 'tvl': None, 'last_updated': '2024-06-08T19:20:00.000Z'}}",https://whitepaper.io/document/646/polygon-whitepaper,https://github.com/maticnetwork/whitepaper/,https://whitepaper.io/document/646/polygon-whitepaper
18,7083,Uniswap,UNI,uniswap,1041,2020-09-17T00:00:00.000Z,"['decentralized-exchange-dex-token', 'defi', 'dao', 'yield-farming', 'amm', 'coinbase-ventures-portfolio', 'three-arrows-capital-portfolio', 'governance', 'blockchain-capital-portfolio', 'defiance-capital-portfolio', 'alameda-research-portfolio', 'a16z-portfolio', 'pantera-capital-portfolio', 'parafi-capital', 'paradigm-portfolio', 'arbitrum-ecosytem', 'injective-ecosystem', 'optimism-ecosystem', 'cmc-crypto-awards-2024']",,599957294.71,1000000000.0,False,"{'id': 1027, 'name': 'Ethereum', 'symbol': 'ETH', 'slug': 'ethereum', 'token_address': '0x1f9840a85d5af5bf1d1762f925bdaddc4201f984'}",19,,,1.15519555,2024-06-08T19:20:00.000Z,"{'USD': {'price': 10.015687514950443, 'volume_24h': 203204795.40931734, 'volume_change_24h': -20.7152, 'percent_change_1h': -0.52345459, 'percent_change_24h': 2.3433389, 'percent_change_7d': 1.38920313, 'percent_change_30d': 35.26775449, 'percent_change_60d': -10.31675869, 'percent_change_90d': -28.61029641, 'market_cap': 6008984786.130391, 'market_cap_dominance': 0.2365, 'fully_diluted_market_cap': 10015687514.95, 'tvl': 5201703562.71899, 'last_updated': '2024-06-08T19:20:00.000Z'}}",https://whitepaper.io/document/708/uniswap-whitepaper,,https://whitepaper.io/document/708/uniswap-whitepaper
19,2,Litecoin,LTC,litecoin,1201,2013-04-28T00:00:00.000Z,"['mineable', 'pow', 'scrypt', 'medium-of-exchange']",84000000.0,74620112.3575049,84000000.0,False,,20,,,,2024-06-08T19:21:00.000Z,"{'USD': {'price': 79.78064503492443, 'volume_24h': 316641038.8625088, 'volume_change_24h': -43.5272, 'percent_change_1h': -0.16074507, 'percent_change_24h': 1.07239609, 'percent_change_7d': -4.11152767, 'percent_change_30d': -3.15450416, 'percent_change_60d': -18.66665646, 'percent_change_90d': -9.6655758, 'market_cap': 5953240696.460277, 'market_cap_dominance': 0.2343, 'fully_diluted_market_cap': 6701574182.93, 'tvl': None, 'last_updated': '2024-06-08T19:21:00.000Z'}}",https://whitepaper.io/document/683/litecoin-whitepaper,,https://whitepaper.io/document/683/litecoin-whitepaper
20,3957,UNUS SED LEO,LEO,unus-sed-leo,46,2019-05-21T00:00:00.000Z,"['marketplace', 'centralized-exchange', 'discount-token', 'payments', 'kenetic-capital-portfolio', 'alameda-research-portfolio']",,926251116.9,985239504.0,False,"{'id': 1027, 'name': 'Ethereum', 'symbol': 'ETH', 'slug': 'ethereum', 'token_address': '0x2af5d2ad76741191d15dfe7bf6ac92d4bd912ca3'}",21,,,,2024-06-08T19:20:00.000Z,"{'USD': {'price': 5.804701409967816, 'volume_24h': 1403506.54582967, 'volume_change_24h': -53.9796, 'percent_change_1h': -0.30689707, 'percent_change_24h': -3.69462641, 'percent_change_7d': -2.07356206, 'percent_change_30d': 0.16740842, 'percent_change_60d': -0.14774841, 'percent_change_90d': 2.23086369, 'market_cap': 5376611164.253694, 'market_cap_dominance': 0.2116, 'fully_diluted_market_cap': 5719021138.02, 'tvl': None, 'last_updated': '2024-06-08T19:20:00.000Z'}}",https://whitepaper.io/document/609/unus-sed-leo-whitepaper,https://www.bitfinex.com/wp-2019-05.pdf,https://whitepaper.io/document/609/unus-sed-leo-whitepaper
21,4943,Dai,DAI,multi-collateral-dai,3268,2019-11-22T00:00:00.000Z,"['defi', 'stablecoin', 'asset-backed-stablecoin', 'ethereum-ecosystem', 'avalanche-ecosystem', 'polygon-ecosystem', 'fantom-ecosystem', 'arbitrum-ecosytem', 'harmony-ecosystem', 'moonriver-ecosystem', 'bnb-chain', 'usd-stablecoin', 'optimism-ecosystem']",,5347888595.746408,5347888595.746408,True,"{'id': 1027, 'name': 'Ethereum', 'symbol': 'ETH', 'slug': 'ethereum', 'token_address': '0x6b175474e89094c44da98b954eedeac495271d0f'}",22,,,,2024-06-08T19:20:00.000Z,"{'USD': {'price': 0.9999678629821341, 'volume_24h': 382465795.24707717, 'volume_change_24h': 34.3194, 'percent_change_1h': -0.00151236, 'percent_change_24h': 0.03045726, 'percent_change_7d': 0.00428751, 'percent_change_30d': -0.00258537, 'percent_change_60d': -0.00011685, 'percent_change_90d': 0.00206624, 'market_cap': 5347716730.555061, 'market_cap_dominance': 0.2105, 'fully_diluted_market_cap': 5347716730.56, 'tvl': None, 'last_updated': '2024-06-08T19:20:00.000Z'}}",,,
22,24478,Pepe,PEPE,pepe,391,2023-04-17T06:18:08.000Z,['memes'],420690000000000.0,420689899999994.8,420689899999994.8,False,"{'id': 1027, 'name': 'Ethereum', 'symbol': 'ETH', 'slug': 'ethereum', 'token_address': '0x6982508145454ce325ddbe47a25d4ec3d2311933'}",23,420690000000000.0,5254997322.343049,,2024-06-08T19:20:00.000Z,"{'USD': {'price': 1.2491376838867216e-05, 'volume_24h': 1362528506.562974, 'volume_change_24h': -24.446, 'percent_change_1h': 0.14990052, 'percent_change_24h': -1.98147423, 'percent_change_7d': -17.38000963, 'percent_change_30d': 46.74621082, 'percent_change_60d': 78.1649437, 'percent_change_90d': 41.52089682, 'market_cap': 5254996073.2053, 'market_cap_dominance': 0.2068, 'fully_diluted_market_cap': 5254997322.34, 'tvl': None, 'last_updated': '2024-06-08T19:20:00.000Z'}}",,,
23,8916,Internet Computer,ICP,internet-computer,251,2021-03-23T00:00:00.000Z,"['platform', 'distributed-computing', 'collectibles-nfts', 'defi', 'privacy', 'interoperability', 'smart-contracts', 'dao', 'wallet', 'storage', 'polychain-capital-portfolio', 'governance', 'launchpad', 'lending-borowing', 'metaverse', 'electric-capital-portfolio', 'fenbushi-capital-portfolio', 'hashkey-capital-portfolio', 'a16z-portfolio', 'multicoin-capital-portfolio', 'exnetwork-capital-portfolio', 'web3', 'internet-computer-ecosystem', 'bitcoin-ecosystem', 'real-world-assets', 'layer-1', 'sec-security-token', 'alleged-sec-securities', 'depin']",,464518789.5042151,519143392.6912913,True,"{'id': 8916, 'name': 'ICP', 'symbol': 'ICP', 'slug': 'internet-computer', 'token_address': 'ryjl3-tyaaa-aaaaa-aaaba-cai'}",24,464518789.5042151,5124910689.831364,,2024-06-08T19:20:00.000Z,"{'USD': {'price': 11.032730657249031, 'volume_24h': 92900025.4300259, 'volume_change_24h': -40.176, 'percent_change_1h': -0.14619671, 'percent_change_24h': -4.45395387, 'percent_change_7d': -8.39584474, 'percent_change_30d': -8.34402266, 'percent_change_60d': -32.05936854, 'percent_change_90d': -21.94765428, 'market_cap': 5124910689.831364, 'market_cap_dominance': 0.2017, 'fully_diluted_market_cap': 5727569224.05, 'tvl': None, 'last_updated': '2024-06-08T19:20:00.000Z'}}",https://whitepaper.io/document/0/internet-computer-whitepaper,https://internetcomputer.org/whitepaper.pdf,https://whitepaper.io/document/0/internet-computer-whitepaper
24,1321,Ethereum Classic,ETC,ethereum-classic,534,2016-07-24T00:00:00.000Z,"['mineable', 'pow', 'ethash', 'platform', 'smart-contracts', 'dcg-portfolio']",210700000.0,147435768.36400056,210700000.0,False,,25,,,,2024-06-08T19:20:00.000Z,"{'USD': {'price': 26.930693840439172, 'volume_24h': 228506725.47816148, 'volume_change_24h': -29.5031, 'percent_change_1h': -0.19787436, 'percent_change_24h': 0.89539881, 'percent_change_7d': -8.63853351, 'percent_change_30d': -2.08734014, 'percent_change_60d': -18.01205306, 'percent_change_90d': -26.11773561, 'market_cap': 3970547538.9408064, 'market_cap_dominance': 0.1563, 'fully_diluted_market_cap': 5674297192.18, 'tvl': None, 'last_updated': '2024-06-08T19:20:00.000Z'}}",,https://ethereumclassic.org/knowledge/foundation,https://ethereumclassic.org/knowledge/foundation
25,20396,Kaspa,KAS,kaspa,119,2022-06-01T00:03:58.000Z,"['mineable', 'dag', 'pow', 'store-of-value', 'polychain-capital-portfolio', 'layer-1']",28700000000.0,23869801789.751064,23869801789.751064,False,,26,,,,2024-06-08T19:20:00.000Z,"{'USD': {'price': 0.15989374542784981, 'volume_24h': 77499036.6747169, 'volume_change_24h': -32.653, 'percent_change_1h': -0.45994182, 'percent_change_24h': -2.70010305, 'percent_change_7d': 15.79107236, 'percent_change_30d': 29.50425932, 'percent_change_60d': 17.09894004, 'percent_change_90d': 7.39929297, 'market_cap': 3816632010.7836905, 'market_cap_dominance': 0.1502, 'fully_diluted_market_cap': 4588950493.78, 'tvl': None, 'last_updated': '2024-06-08T19:20:00.000Z'}}",https://whitepaper.io/document/0/kaspa-whitepaper,https://eprint.iacr.org/2018/104.pdf,https://whitepaper.io/document/0/kaspa-whitepaper
26,5690,Render,RNDR,render,414,2020-06-11T00:00:00.000Z,"['art', 'media', 'vr-ar', 'ai-big-data', 'distributed-computing', 'collectibles-nfts', 'scaling', 'video', 'ethereum-ecosystem', 'solana-ecosystem', 'metaverse', 'alameda-research-portfolio', 'multicoin-capital-portfolio', 'polygon-ecosystem', 'web3', 'generative-ai', 'depin']",,388646672.4744133,532073612.7544133,False,"{'id': 1027, 'name': 'Ethereum', 'symbol': 'ETH', 'slug': 'ethereum', 'token_address': '0x6de037ef9ad2725eb40118bb1702ebb27e4aeb24'}",27,,,,2024-06-08T19:20:00.000Z,"{'USD': {'price': 9.271880300803513, 'volume_24h': 223024142.2924342, 'volume_change_24h': -33.0035, 'percent_change_1h': 0.27164303, 'percent_change_24h': -1.1210834, 'percent_change_7d': -7.20557052, 'percent_change_30d': -15.03355853, 'percent_change_60d': -1.4707192, 'percent_change_90d': -18.4229924, 'market_cap': 3603485426.488348, 'market_cap_dominance': 0.1418, 'fully_diluted_market_cap': 4933322848.68, 'tvl': None, 'last_updated': '2024-06-08T19:20:00.000Z'}}",,https://know.rendernetwork.com/,https://know.rendernetwork.com/
27,21794,Aptos,APT,aptos,386,2022-10-19T01:50:25.000Z,"['binance-labs-portfolio', 'aptos-ecosystem', 'circle-ventures-portfolio', 'layer-1', 'ftx-bankruptcy-estate', 'move-vm']",,438020630.21466696,1099901058.164317,True,,28,130000000.0,1061238620.9519362,,2024-06-08T19:20:00.000Z,"{'USD': {'price': 8.163374007322586, 'volume_24h': 130982865.06937432, 'volume_change_24h': -34.9055, 'percent_change_1h': -0.09888889, 'percent_change_24h': -3.49153108, 'percent_change_7d': -9.75467561, 'percent_change_30d': -6.213144, 'percent_change_60d': -37.08731091, 'percent_change_90d': -35.71857511, 'market_cap': 3575726227.3654704, 'market_cap_dominance': 0.1407, 'fully_diluted_market_cap': 8978903708.85, 'tvl': None, 'last_updated': '2024-06-08T19:20:00.000Z'}}",https://whitepaper.io/document/0/aptos-whitepaper,https://aptosfoundation.org/whitepaper,https://whitepaper.io/document/0/aptos-whitepaper
28,2280,Filecoin,FIL,filecoin,489,2017-12-13T00:00:00.000Z,"['mineable', 'distributed-computing', 'filesharing', 'storage', 'polychain-capital-portfolio', 'blockchain-capital-portfolio', 'boostvc-portfolio', 'dcg-portfolio', 'hashkey-capital-portfolio', 'a16z-portfolio', 'winklevoss-capital-portfolio', 'pantera-capital-portfolio', 'web3', 'filecoin-ecosystem', 'sec-security-token', 'alleged-sec-securities', 'depin']",,561751095.0,1960252481.0,False,,29,,,,2024-06-08T19:21:00.000Z,"{'USD': {'price': 6.153725263520674, 'volume_24h': 485461205.01337147, 'volume_change_24h': -26.4332, 'percent_change_1h': -0.40808566, 'percent_change_24h': 1.78230759, 'percent_change_7d': 6.74178292, 'percent_change_30d': 5.43777309, 'percent_change_60d': -29.21145148, 'percent_change_90d': -42.02070555, 'market_cap': 3456861905.111902, 'market_cap_dominance': 0.136, 'fully_diluted_market_cap': 12062855215.21, 'tvl': None, 'last_updated': '2024-06-08T19:21:00.000Z'}}",https://whitepaper.io/document/599/filecoin-whitepaper,https://docs.filecoin.io/,https://whitepaper.io/document/599/filecoin-whitepaper
29,26081,First Digital USD,FDUSD,first-digital-usd,308,2023-07-26T04:26:40.000Z,"['stablecoin', 'ethereum-ecosystem', 'binance-smart-chain', 'usd-stablecoin', 'fiat-stablecoin']",,3276711154.6,3276711154.6,False,"{'id': 1027, 'name': 'Ethereum', 'symbol': 'ETH', 'slug': 'ethereum', 'token_address': '0xc5f0f7b66764F6ec8C8Dff7BA683102295E16409'}",30,,,,2024-06-08T19:20:00.000Z,"{'USD': {'price': 1.0007837833668956, 'volume_24h': 4662525986.840885, 'volume_change_24h': -45.232, 'percent_change_1h': 0.03843501, 'percent_change_24h': 0.07687505, 'percent_change_7d': 0.21720841, 'percent_change_30d': 0.0134247, 'percent_change_60d': 0.1488646, 'percent_change_90d': -0.12269841, 'market_cap': 3279279386.3010964, 'market_cap_dominance': 0.1291, 'fully_diluted_market_cap': 3279279386.3, 'tvl': None, 'last_updated': '2024-06-08T19:20:00.000Z'}}",,,
30,4847,Stacks,STX,stacks,181,2019-10-28T00:00:00.000Z,"['mineable', 'platform', 'collectibles-nfts', 'defi', 'smart-contracts', 'metaverse', 'arrington-xrp-capital-portfolio', 'blockchain-capital-portfolio', 'dcg-portfolio', 'fabric-ventures-portfolio', 'hashkey-capital-portfolio', 'huobi-capital-portfolio', 'usv-portfolio', 'web3', 'injective-ecosystem', 'bitcoin-ecosystem']",1818000000.0,1466293370.332993,1818000000.0,False,,31,1048765672.087772,2340297702.82286,,2024-06-08T19:20:00.000Z,"{'USD': {'price': 2.231478170108335, 'volume_24h': 194955732.2138396, 'volume_change_24h': -35.4899, 'percent_change_1h': -0.54424533, 'percent_change_24h': 2.03811148, 'percent_change_7d': 21.08989487, 'percent_change_30d': 8.05834311, 'percent_change_60d': -30.24119196, 'percent_change_90d': -25.74715658, 'market_cap': 3272001646.8726506, 'market_cap_dominance': 0.1288, 'fully_diluted_market_cap': 4056827313.26, 'tvl': None, 'last_updated': '2024-06-08T19:20:00.000Z'}}",,https://gaia.blockstack.org/hub/1AxyPunHHAHiEffXWESKfbvmBpGQv138Fp/stacks.pdf,https://gaia.blockstack.org/hub/1AxyPunHHAHiEffXWESKfbvmBpGQv138Fp/stacks.pdf
31,4642,Hedera,HBAR,hedera,272,2019-09-17T00:00:00.000Z,"['dag', 'marketplace', 'enterprise-solutions', 'payments', 'dcg-portfolio', 'hedera-hashgraph-ecosystem', 'layer-1']",50000000000.0,35749981469.73362,50000000000.0,False,,32,,,,2024-06-08T19:20:00.000Z,"{'USD': {'price': 0.08999208128365381, 'volume_24h': 68671636.7403088, 'volume_change_24h': -37.3611, 'percent_change_1h': -0.78361568, 'percent_change_24h': -3.17039071, 'percent_change_7d': -9.92827779, 'percent_change_30d': -18.17339666, 'percent_change_60d': -14.15502864, 'percent_change_90d': -28.55424219, 'market_cap': 3217215238.3133855, 'market_cap_dominance': 0.1266, 'fully_diluted_market_cap': 4499604064.18, 'tvl': None, 'last_updated': '2024-06-08T19:20:00.000Z'}}",,https://www.hedera.com/papers,https://www.hedera.com/papers
32,27075,Mantle,MNT,mantle,74,2023-07-17T11:00:31.000Z,"['ethereum-ecosystem', 'layer-2', 'dwf-labs-portfolio']",6219316795.0,3264441707.8368406,6219316794.99,False,"{'id': 1027, 'name': 'Ethereum', 'symbol': 'ETH', 'slug': 'ethereum', 'token_address': '0x3c3a81e81dc49a522a592e7622a7e711c06bf354'}",33,1843669839.0,1739707988.2908027,,2024-06-08T19:21:00.000Z,"{'USD': {'price': 0.9436114598665963, 'volume_24h': 135752511.31076336, 'volume_change_24h': -2.0754, 'percent_change_1h': 0.01260174, 'percent_change_24h': -0.85983736, 'percent_change_7d': -5.30257751, 'percent_change_30d': -8.23667604, 'percent_change_60d': -30.22969296, 'percent_change_90d': -9.14170331, 'market_cap': 3080364605.581326, 'market_cap_dominance': 0.1212, 'fully_diluted_market_cap': 5868618600.3, 'tvl': None, 'last_updated': '2024-06-08T19:21:00.000Z'}}",,https://docs.mantle.xyz/network/introduction/overview,https://docs.mantle.xyz/network/introduction/overview
33,328,Monero,XMR,monero,285,2014-05-21T00:00:00.000Z,"['mineable', 'pow', 'medium-of-exchange', 'privacy', 'ringct', 'boostvc-portfolio', 'electric-capital-portfolio', 'galaxy-digital-portfolio']",,18446744.07370955,18446744.07370955,True,,34,,,,2024-06-08T19:21:00.000Z,"{'USD': {'price': 165.72276250345402, 'volume_24h': 62944387.85895737, 'volume_change_24h': -18.2345, 'percent_change_1h': -0.21080272, 'percent_change_24h': 3.46186737, 'percent_change_7d': 12.38630776, 'percent_change_30d': 23.07213122, 'percent_change_60d': 26.67005628, 'percent_change_90d': 12.18038335, 'market_cap': 3057045387.089366, 'market_cap_dominance': 0.1203, 'fully_diluted_market_cap': 3057045387.09, 'tvl': None, 'last_updated': '2024-06-08T19:21:00.000Z'}}",,https://github.com/monero-project/research-lab/blob/master/whitepaper/whitepaper.pdf,https://github.com/monero-project/research-lab/blob/master/whitepaper/whitepaper.pdf
34,3794,Cosmos,ATOM,cosmos,774,2019-03-14T00:00:00.000Z,"['platform', 'cosmos-ecosystem', 'content-creation', 'interoperability', 'polychain-capital-portfolio', 'dragonfly-capital-portfolio', 'hashkey-capital-portfolio', '1confirmation-portfolio', 'paradigm-portfolio', 'exnetwork-capital-portfolio', 'injective-ecosystem', 'layer-1', 'sec-security-token', 'alleged-sec-securities']",,390930671.0,390930671.0,True,,35,,,,2024-06-08T19:20:00.000Z,"{'USD': {'price': 7.775607767715808, 'volume_24h': 132807843.89951938, 'volume_change_24h': -36.0582, 'percent_change_1h': -0.78638803, 'percent_change_24h': -2.49212897, 'percent_change_7d': -6.59137588, 'percent_change_30d': -14.39526212, 'percent_change_60d': -28.74981709, 'percent_change_90d': -40.90436562, 'market_cap': 3039723562.0659533, 'market_cap_dominance': 0.1196, 'fully_diluted_market_cap': 3039723562.07, 'tvl': None, 'last_updated': '2024-06-08T19:20:00.000Z'}}",https://whitepaper.io/document/582/cosmos-whitepaper,https://cosmos.network/resources/whitepaper,https://whitepaper.io/document/582/cosmos-whitepaper
35,3635,Cronos,CRO,cronos,240,2018-12-14T00:00:00.000Z,"['medium-of-exchange', 'cosmos-ecosystem', 'centralized-exchange', 'mobile', 'payments', 'injective-ecosystem', 'layer-1']",,26571560696.0,30000000000.0,False,,36,,,,2024-06-08T19:20:00.000Z,"{'USD': {'price': 0.11227997055919461, 'volume_24h': 10876091.52503157, 'volume_change_24h': -48.0001, 'percent_change_1h': -0.29630494, 'percent_change_24h': -0.25185485, 'percent_change_7d': 0.55387061, 'percent_change_30d': -10.7381788, 'percent_change_60d': -25.14034434, 'percent_change_90d': -32.49612333, 'market_cap': 2983454052.658733, 'market_cap_dominance': 0.1174, 'fully_diluted_market_cap': 3368399116.78, 'tvl': None, 'last_updated': '2024-06-08T19:20:00.000Z'}}",,https://whitepaper.cronos.org/,https://whitepaper.cronos.org/
36,10603,Immutable,IMX,immutable-x,289,2021-06-24T00:00:00.000Z,"['collectibles-nfts', 'zero-knowledge-proofs', 'gaming', 'scaling', 'layer-2', 'rollups', 'arrington-xrp-capital-portfolio', 'alameda-research-portfolio']",2000000000.0,1482345419.389814,2000000000.0,False,"{'id': 1027, 'name': 'Ethereum', 'symbol': 'ETH', 'slug': 'ethereum', 'token_address': '0xf57e7e7c23978c3caec3c3548e3d615c346e79ff'}",37,570354831.0,1143989161.3866112,,2024-06-08T19:21:00.000Z,"{'USD': {'price': 2.0057499283049136, 'volume_24h': 56355306.75629325, 'volume_change_24h': -27.1728, 'percent_change_1h': -0.34844155, 'percent_change_24h': -4.28639263, 'percent_change_7d': -9.8873791, 'percent_change_30d': -5.83196566, 'percent_change_60d': -24.06590056, 'percent_change_90d': -40.77456389, 'market_cap': 2973214218.664237, 'market_cap_dominance': 0.117, 'fully_diluted_market_cap': 4011499856.61, 'tvl': None, 'last_updated': '2024-06-08T19:21:00.000Z'}}",,https://support.immutable.com/hc/en-us/articles/4405227590799,https://support.immutable.com/hc/en-us/articles/4405227590799
37,3897,OKB,OKB,okb,124,2019-04-30T00:00:00.000Z,"['marketplace', 'centralized-exchange', 'discount-token', 'alameda-research-portfolio', 'x1-ecosystem']",,60000000.0,300000000.0,False,"{'id': 1027, 'name': 'Ethereum', 'symbol': 'ETH', 'slug': 'ethereum', 'token_address': '0x75231f58b43240c9718dd58b4967c5114342a86c'}",38,246638974.0,11732387127.241743,,2024-06-08T19:20:00.000Z,"{'USD': {'price': 47.569072060937714, 'volume_24h': 6488935.66825654, 'volume_change_24h': -27.8752, 'percent_change_1h': 0.30482626, 'percent_change_24h': -1.50131063, 'percent_change_7d': -1.00662776, 'percent_change_30d': -5.17911481, 'percent_change_60d': -16.31322529, 'percent_change_90d': -30.87944575, 'market_cap': 2854144323.656263, 'market_cap_dominance': 0.1123, 'fully_diluted_market_cap': 14270721618.28, 'tvl': None, 'last_updated': '2024-06-08T19:20:00.000Z'}}",,,
38,512,Stellar,XLM,stellar,596,2014-08-05T00:00:00.000Z,"['medium-of-exchange', 'enterprise-solutions', 'decentralized-exchange-dex-token', 'smart-contracts', 'hashkey-capital-portfolio']",50001806812.0,29063582631.51682,50001786967.39353,False,,39,,,,2024-06-08T19:20:00.000Z,"{'USD': {'price': 0.09776929753026081, 'volume_24h': 62270055.10015652, 'volume_change_24h': -42.4936, 'percent_change_1h': -0.19067496, 'percent_change_24h': -1.19741435, 'percent_change_7d': -8.10830089, 'percent_change_30d': -8.97689181, 'percent_change_60d': -26.43599919, 'percent_change_90d': -30.42863214, 'market_cap': 2841526057.5960884, 'market_cap_dominance': 0.1118, 'fully_diluted_market_cap': 4888641527.25, 'tvl': None, 'last_updated': '2024-06-08T19:20:00.000Z'}}",https://whitepaper.io/document/2/stellar-whitepaper,https://www.stellar.org/papers/stellar-consensus-protocol.pdf,https://whitepaper.io/document/2/stellar-whitepaper
39,11841,Arbitrum,ARB,arbitrum,927,2023-03-23T12:50:11.000Z,"['scaling', 'dao', 'dapp', 'ethereum-ecosystem', 'polychain-capital-portfolio', 'layer-2', 'rollups', 'pantera-capital-portfolio', 'arbitrum-ecosytem', 'modular-blockchain', 'egirl-capital-portfolio']",,2896440329.0,10000000000.0,False,"{'id': 11841, 'name': 'Arbitrum', 'symbol': 'ARB', 'slug': 'arbitrum', 'token_address': '0x912CE59144191C1204E64559FE8253a0e49E6548'}",40,,,,2024-06-08T19:20:00.000Z,"{'USD': {'price': 0.9698983725914336, 'volume_24h': 343482828.9833923, 'volume_change_24h': -25.0329, 'percent_change_1h': 0.25688865, 'percent_change_24h': 0.58021457, 'percent_change_7d': -13.96030498, 'percent_change_30d': -5.93094404, 'percent_change_60d': -36.04129591, 'percent_change_90d': -52.9207944, 'market_cap': 2809252761.405297, 'market_cap_dominance': 0.1106, 'fully_diluted_market_cap': 9698983725.91, 'tvl': None, 'last_updated': '2024-06-08T19:20:00.000Z'}}",,https://github.com/OffchainLabs,https://github.com/OffchainLabs
40,20947,Sui,SUI,sui,266,2022-07-12T08:03:11.000Z,"['binance-launchpool', 'coinbase-ventures-portfolio', 'binance-labs-portfolio', 'electric-capital-portfolio', 'a16z-portfolio', 'sui-ecosystem', 'layer-1', 'move-vm']",10000000000.0,2426143880.7088885,10000000000.0,False,"{'id': 20947, 'name': 'Sui Network', 'symbol': 'SUI', 'slug': 'sui', 'token_address': '0x2::sui::SUI'}",41,,,,2024-06-08T19:20:00.000Z,"{'USD': {'price': 1.1298233669898263, 'volume_24h': 358233284.881886, 'volume_change_24h': 1.8839, 'percent_change_1h': 0.32793971, 'percent_change_24h': 7.54995505, 'percent_change_7d': 10.0528909, 'percent_change_30d': 12.1539502, 'percent_change_60d': -29.35869851, 'percent_change_90d': -27.16686282, 'market_cap': 2741114048.10428, 'market_cap_dominance': 0.1079, 'fully_diluted_market_cap': 11298233669.9, 'tvl': None, 'last_updated': '2024-06-08T19:20:00.000Z'}}",,https://docs.sui.io/,https://docs.sui.io/
41,28752,dogwifhat,WIF,dogwifhat,393,2023-12-19T09:08:50.000Z,"['memes', 'solana-ecosystem', 'doggone-doggerel']",,998905914.328067,998905914.328067,False,"{'id': 5426, 'name': 'Solana', 'symbol': 'SOL', 'slug': 'solana', 'token_address': 'EKpQGSJtjMFqKZ9KQanSqYXRcF8fBopzLHYxdM65zcjm'}",42,,,,2024-06-08T19:21:00.000Z,"{'USD': {'price': 2.742026028160708, 'volume_24h': 574031294.0603744, 'volume_change_24h': -23.7785, 'percent_change_1h': 0.18155019, 'percent_change_24h': -3.4678714, 'percent_change_7d': -18.18032221, 'percent_change_30d': -7.95675626, 'percent_change_60d': -23.18661674, 'percent_change_90d': 22.53310928, 'market_cap': 2739026016.7712297, 'market_cap_dominance': 0.1078, 'fully_diluted_market_cap': 2739026016.77, 'tvl': None, 'last_updated': '2024-06-08T19:21:00.000Z'}}",,,
42,10804,FLOKI,FLOKI,floki-inu,497,2021-07-09T00:00:00.000Z,"['gaming', 'memes', 'metaverse', 'doggone-doggerel', 'play-to-earn', 'bnb-chain', 'dwf-labs-portfolio', 'paal-ecosystem', 'tokenfi-launchpad']",,9558991154466.88,9690644943202.46,False,"{'id': 1027, 'name': 'Ethereum', 'symbol': 'ETH', 'slug': 'ethereum', 'token_address': '0xcf0c122c6b73ff809c693db761e7baebe62b6a2e'}",43,9317621738535.4,2650956079.4416013,,2024-06-08T19:20:00.000Z,"{'USD': {'price': 0.0002845099483356248, 'volume_24h': 542251200.1048598, 'volume_change_24h': -32.5576, 'percent_change_1h': 1.55284636, 'percent_change_24h': 4.30717039, 'percent_change_7d': 11.20386979, 'percent_change_30d': 61.00477402, 'percent_change_60d': 43.71442856, 'percent_change_90d': -2.6334805, 'market_cap': 2719628079.498066, 'market_cap_dominance': 0.107, 'fully_diluted_market_cap': 2757084892.13, 'tvl': None, 'last_updated': '2024-06-08T19:20:00.000Z'}}",,https://docs.floki.com/,https://docs.floki.com/
43,7226,Injective,INJ,injective,380,2020-09-29T00:00:00.000Z,"['pos', 'platform', 'cosmos-ecosystem', 'ai-big-data', 'defi', 'smart-contracts', 'cosmos', 'binance-smart-chain', 'binance-launchpad', 'binance-labs-portfolio', 'cms-holdings-portfolio', 'pantera-capital-portfolio', 'web3', 'injective-ecosystem', 'layer-1']",,93400000.0,100000000.0,False,"{'id': 7226, 'name': 'Injective', 'symbol': 'INJ', 'slug': 'injective', 'token_address': 'inj'}",44,,,,2024-06-08T19:20:00.000Z,"{'USD': {'price': 27.872691321965284, 'volume_24h': 276191477.64135796, 'volume_change_24h': -4.8719, 'percent_change_1h': -1.1208499, 'percent_change_24h': 1.38010408, 'percent_change_7d': 14.04521974, 'percent_change_30d': 17.37014146, 'percent_change_60d': -16.26201476, 'percent_change_90d': -30.29459868, 'market_cap': 2603309369.4715576, 'market_cap_dominance': 0.1025, 'fully_diluted_market_cap': 2787269132.2, 'tvl': None, 'last_updated': '2024-06-08T19:20:00.000Z'}}",,https://docs.injectiveprotocol.com/#introduction,https://docs.injectiveprotocol.com/#introduction
44,22974,Bittensor,TAO,bittensor,65,2023-03-06T05:20:00.000Z,"['ai-big-data', 'distributed-computing', 'oracles', 'dao', 'polkadot-ecosystem', 'polychain-capital-portfolio', 'dcg-portfolio', 'open-source', 'generative-ai', 'depin']",21000000.0,6904714.0,6904714.0,False,,45,,,,2024-06-08T19:21:00.000Z,"{'USD': {'price': 369.6391704099988, 'volume_24h': 41443283.36610517, 'volume_change_24h': -47.1799, 'percent_change_1h': -0.59985341, 'percent_change_24h': -4.4487753, 'percent_change_7d': -6.30505232, 'percent_change_30d': -6.3627583, 'percent_change_60d': -36.00978078, 'percent_change_90d': -46.09387175, 'market_cap': 2552252754.8783045, 'market_cap_dominance': 0.1004, 'fully_diluted_market_cap': 7762422578.61, 'tvl': None, 'last_updated': '2024-06-08T19:21:00.000Z'}}",,https://drive.google.com/file/d/1VnsobL6lIAAqcA1_Tbm8AYIQscfJV4KU/view?usp=sharing,https://drive.google.com/file/d/1VnsobL6lIAAqcA1_Tbm8AYIQscfJV4KU/view?usp=sharing
45,6719,The Graph,GRT,the-graph,483,2020-12-17T00:00:00.000Z,"['ai-big-data', 'enterprise-solutions', 'defi', 'coinbase-ventures-portfolio', 'solana-ecosystem', 'analytics', 'coinfund-portfolio', 'dcg-portfolio', 'fabric-ventures-portfolio', 'framework-ventures-portfolio', 'ledgerprime-portfolio', 'multicoin-capital-portfolio', 'parafi-capital', 'polygon-ecosystem', 'fantom-ecosystem', 'web3', 'near-protocol-ecosystem', 'arbitrum-ecosytem', 'spartan-group', 'injective-ecosystem']",,9509780356.04968,10798980578.680304,False,"{'id': 1027, 'name': 'Ethereum', 'symbol': 'ETH', 'slug': 'ethereum', 'token_address': '0xc944e90c64b2c07662a292be6244bdf05cda44a7'}",46,,,,2024-06-08T19:20:00.000Z,"{'USD': {'price': 0.26182775889265686, 'volume_24h': 90327174.8040505, 'volume_change_24h': -24.8108, 'percent_change_1h': -0.23687877, 'percent_change_24h': -2.87142521, 'percent_change_7d': -12.87027587, 'percent_change_30d': -8.30166382, 'percent_change_60d': -22.01857478, 'percent_change_90d': -39.92999238, 'market_cap': 2489924478.1858997, 'market_cap_dominance': 0.098, 'fully_diluted_market_cap': 2827472883.24, 'tvl': None, 'last_updated': '2024-06-08T19:20:00.000Z'}}",,https://thegraph.com/docs/,https://thegraph.com/docs/
46,5632,Arweave,AR,arweave,144,2020-05-27T00:00:00.000Z,"['distributed-computing', 'filesharing', 'storage', 'coinbase-ventures-portfolio', 'solana-ecosystem', 'arrington-xrp-capital-portfolio', 'blockchain-capital-portfolio', 'a16z-portfolio', 'multicoin-capital-portfolio', 'web3', 'egirl-capital-portfolio', 'depin']",66000000.0,65652466.0,65652466.0,False,,47,,,,2024-06-08T19:20:00.000Z,"{'USD': {'price': 37.38390109266435, 'volume_24h': 76712798.87425035, 'volume_change_24h': -27.218, 'percent_change_1h': -0.82314793, 'percent_change_24h': -3.67462089, 'percent_change_7d': -12.6833872, 'percent_change_30d': -8.52702519, 'percent_change_60d': 17.04530957, 'percent_change_90d': -8.56936551, 'market_cap': 2454345295.4335093, 'market_cap_dominance': 0.0966, 'fully_diluted_market_cap': 2467337472.12, 'tvl': None, 'last_updated': '2024-06-08T19:20:00.000Z'}}",https://whitepaper.io/document/627/arweave-whitepaper,https://ar-io.net/azo-0qw6bb9u5doGdMR-atcIRV_ylJCV4K4Kwv85GO4,https://whitepaper.io/document/627/arweave-whitepaper
47,11840,Optimism,OP,optimism-ethereum,536,2022-05-31T16:19:46.000Z,"['layer-2', 'optimism-ecosystem', 'modular-blockchain']",4294967296.0,1086889963.0,4294967296.0,False,"{'id': 11840, 'name': 'Optimism', 'symbol': 'OP', 'slug': 'optimism-ethereum', 'token_address': '0x4200000000000000000000000000000000000042'}",48,,,,2024-06-08T19:20:00.000Z,"{'USD': {'price': 2.1805354089924744, 'volume_24h': 292058265.1073846, 'volume_change_24h': -22.6077, 'percent_change_1h': -0.34146852, 'percent_change_24h': -1.4879216, 'percent_change_7d': -11.64523709, 'percent_change_30d': -17.47584819, 'percent_change_60d': -29.51402469, 'percent_change_90d': -51.68341927, 'market_cap': 2370002050.0000205, 'market_cap_dominance': 0.0933, 'fully_diluted_market_cap': 9365328269.39, 'tvl': None, 'last_updated': '2024-06-08T19:20:00.000Z'}}",,,
48,3077,VeChain,VET,vechain,288,2017-08-22T00:00:00.000Z,"['logistics', 'data-provenance', 'iot', 'smart-contracts', 'fenbushi-capital-portfolio', 'real-world-assets']",86712634466.0,72714516834.0,85985041177.0,False,,49,72714516834.0,2292915604.1041107,,2024-06-08T19:20:00.000Z,"{'USD': {'price': 0.03153312026178499, 'volume_24h': 60869465.72586926, 'volume_change_24h': -29.6926, 'percent_change_1h': -0.35217619, 'percent_change_24h': -3.78300175, 'percent_change_7d': -6.16868901, 'percent_change_30d': -10.40071805, 'percent_change_60d': -27.73562945, 'percent_change_90d': -34.53386499, 'market_cap': 2292915604.1041107, 'market_cap_dominance': 0.0902, 'fully_diluted_market_cap': 2734319930.83, 'tvl': None, 'last_updated': '2024-06-08T19:20:00.000Z'}}",https://whitepaper.io/document/578/vechain-whitepaper,https://www.vechain.org/whitepaper/#bit_65sv8,https://whitepaper.io/document/578/vechain-whitepaper
49,1518,Maker,MKR,maker,481,2017-01-29T00:00:00.000Z,"['store-of-value', 'defi', 'dao', 'polychain-capital-portfolio', 'governance', 'lending-borowing', 'dragonfly-capital-portfolio', 'electric-capital-portfolio', 'a16z-portfolio', '1confirmation-portfolio', 'placeholder-ventures-portfolio', 'pantera-capital-portfolio', 'paradigm-portfolio', 'near-protocol-ecosystem', 'arbitrum-ecosytem', 'spartan-group', 'bnb-chain', 'real-world-assets', 'standard-crypto-portfolio']",1005577.0,927770.0324557,977631.03695089,False,"{'id': 1027, 'name': 'Ethereum', 'symbol': 'ETH', 'slug': 'ethereum', 'token_address': '0x9f8f72aa9304c8b593d555f12ef6589cc3a579a2'}",50,,,0.35941347,2024-06-08T19:20:00.000Z,"{'USD': {'price': 2439.33660374658, 'volume_24h': 64727980.5075714, 'volume_change_24h': -35.822, 'percent_change_1h': -0.26204607, 'percent_change_24h': -2.07312033, 'percent_change_7d': -8.89598077, 'percent_change_30d': -10.63925071, 'percent_change_60d': -28.56408163, 'percent_change_90d': -11.30687273, 'market_cap': 2263143400.0283413, 'market_cap_dominance': 0.0891, 'fully_diluted_market_cap': 2452940783.99, 'tvl': 6296768443.32164, 'last_updated': '2024-06-08T19:20:00.000Z'}}",https://whitepaper.io/document/22/maker-whitepaper,https://makerdao.com/en/whitepaper/#overview-of-the-dai-stablecoin-system,https://whitepaper.io/document/22/maker-whitepaper
50,28850,Notcoin,NOT,notcoin,102,2024-05-09T15:38:45.000Z,"['gaming', 'binance-launchpool', 'play-to-earn', 'web3', 'telegram-bot', 'toncoin-ecosystem']",,102701041213.17345,102701041213.17345,False,"{'id': 11419, 'name': 'TON', 'symbol': 'TON', 'slug': 'toncoin', 'token_address': 'EQAvlWFDxGF2lXm67y4yzC17wYKD9A0guwPkMs1gOsM__NOT'}",51,102701041213.17345,1953285987.9134912,,2024-06-08T19:21:00.000Z,"{'USD': {'price': 0.01901914493601983, 'volume_24h': 929782737.4534087, 'volume_change_24h': -35.5753, 'percent_change_1h': 0.21034385, 'percent_change_24h': 0.68009186, 'percent_change_7d': 22.45362389, 'percent_change_30d': 31.57646708, 'percent_change_60d': 31.57646708, 'percent_change_90d': 31.57646708, 'market_cap': 1953285987.9134912, 'market_cap_dominance': 0.0769, 'fully_diluted_market_cap': 1953285987.91, 'tvl': None, 'last_updated': '2024-06-08T19:21:00.000Z'}}",,https://cdn.joincommunity.xyz/notcoin/Notcoin_Whitepaper.pdf,https://cdn.joincommunity.xyz/notcoin/Notcoin_Whitepaper.pdf
51,3513,Fantom,FTM,fantom,684,2018-10-29T00:00:00.000Z,"['platform', 'enterprise-solutions', 'defi', 'research', 'scaling', 'smart-contracts', 'fantom-ecosystem', 'injective-ecosystem', 'layer-1']",,2803634835.5265927,3175000000.0,False,,52,,,,2024-06-08T19:20:00.000Z,"{'USD': {'price': 0.6964589785359093, 'volume_24h': 159404812.91281065, 'volume_change_24h': -38.8599, 'percent_change_1h': 0.08825525, 'percent_change_24h': -1.62525421, 'percent_change_7d': -11.00471663, 'percent_change_30d': 1.41316788, 'percent_change_60d': -30.06299997, 'percent_change_90d': -9.24588194, 'market_cap': 1952616653.7385428, 'market_cap_dominance': 0.0768, 'fully_diluted_market_cap': 2211257256.85, 'tvl': None, 'last_updated': '2024-06-08T19:20:00.000Z'}}",https://whitepaper.io/document/438/fantom-whitepaper,https://fantom.foundation/fantom-research-papers/,https://whitepaper.io/document/438/fantom-whitepaper
52,23095,Bonk,BONK,bonk1,424,2022-12-30T06:58:50.000Z,"['memes', 'solana-ecosystem', 'doggone-doggerel', 'dwf-labs-portfolio', 'cmc-crypto-awards-2024']",,67867142627216.08,93036540893196.6,False,"{'id': 1027, 'name': 'Ethereum', 'symbol': 'ETH', 'slug': 'ethereum', 'token_address': '0x1151CB3d861920e07a38e03eEAd12C32178567F6'}",53,67867142637216.08,1932858488.1156297,,2024-06-08T19:20:00.000Z,"{'USD': {'price': 2.8480033385930625e-05, 'volume_24h': 370643889.2577579, 'volume_change_24h': -37.8341, 'percent_change_1h': 0.20430043, 'percent_change_24h': 1.22684986, 'percent_change_7d': -15.81772347, 'percent_change_30d': 15.81238157, 'percent_change_60d': 28.22825574, 'percent_change_90d': -11.87471411, 'market_cap': 1932858487.8308294, 'market_cap_dominance': 0.0761, 'fully_diluted_market_cap': 2649683790.75, 'tvl': None, 'last_updated': '2024-06-08T19:20:00.000Z'}}",,https://assets-global.website-files.com/63d9862f53dc8e65d16eb0e0/63de6fb910d0b94a933c4a2f_BONK-PAPER-040223.pdf,https://assets-global.website-files.com/63d9862f53dc8e65d16eb0e0/63de6fb910d0b94a933c4a2f_BONK-PAPER-040223.pdf
53,8425,JasmyCoin,JASMY,jasmy,218,2021-02-11T00:00:00.000Z,"['iot', 'ethereum-ecosystem', 'dwf-labs-portfolio']",50000000000.0,49299999677.16958,50000000000.0,False,"{'id': 1027, 'name': 'Ethereum', 'symbol': 'ETH', 'slug': 'ethereum', 'token_address': '0x7420B4b9a0110cdC71fB720908340C03F9Bc03EC'}",54,,,,2024-06-08T19:21:00.000Z,"{'USD': {'price': 0.03900422599715523, 'volume_24h': 318048013.61103576, 'volume_change_24h': -40.9624, 'percent_change_1h': -0.8661395, 'percent_change_24h': -4.12432783, 'percent_change_7d': 9.54358001, 'percent_change_30d': 104.55841584, 'percent_change_60d': 89.20977203, 'percent_change_90d': 74.54558046, 'market_cap': 1922908329.0680022, 'market_cap_dominance': 0.0757, 'fully_diluted_market_cap': 1950211299.86, 'tvl': None, 'last_updated': '2024-06-08T19:21:00.000Z'}}",https://whitepaper.io/document/0/jasmy-whitepaper,https://www.jasmy.co.jp/images/whitepaper.pdf,https://whitepaper.io/document/0/jasmy-whitepaper
54,2416,Theta Network,THETA,theta-network,200,2018-01-17T00:00:00.000Z,"['media', 'vr-ar', 'ai-big-data', 'distributed-computing', 'collectibles-nfts', 'content-creation', 'defi', 'entertainment', 'sharing-economy', 'smart-contracts', 'video', 'metaverse', 'huobi-capital-portfolio', 'web3', 'layer-1', 'depin']",1000000000.0,1000000000.0,1000000000.0,False,,55,,,,2024-06-08T19:21:00.000Z,"{'USD': {'price': 1.9164265452262828, 'volume_24h': 26806309.02654792, 'volume_change_24h': -42.5292, 'percent_change_1h': -0.20621614, 'percent_change_24h': -3.99280481, 'percent_change_7d': -8.59035923, 'percent_change_30d': -12.0156512, 'percent_change_60d': -33.42627893, 'percent_change_90d': -41.8797133, 'market_cap': 1916426545.2262828, 'market_cap_dominance': 0.0754, 'fully_diluted_market_cap': 1916426545.23, 'tvl': None, 'last_updated': '2024-06-08T19:21:00.000Z'}}",,https://s3.us-east-2.amazonaws.com/assets.thetatoken.org/Theta-white-paper-latest.pdf?v=1553657855.509,https://s3.us-east-2.amazonaws.com/assets.thetatoken.org/Theta-white-paper-latest.pdf?v=1553657855.509
55,21159,Ondo,ONDO,ondo-finance,149,2024-01-18T12:06:25.000Z,"['ethereum-ecosystem', 'real-world-assets']",,1389759838.4783604,10000000000.0,False,"{'id': 1027, 'name': 'Ethereum', 'symbol': 'ETH', 'slug': 'ethereum', 'token_address': '0xfAbA6f8e4a5E8Ab82F62fe7C39859FA577269BE3'}",56,1426647567.0,1861239508.0142548,,2024-06-08T19:20:00.000Z,"{'USD': {'price': 1.3046245975999025, 'volume_24h': 207173847.3924298, 'volume_change_24h': -20.5966, 'percent_change_1h': -0.37014256, 'percent_change_24h': -0.15543869, 'percent_change_7d': -4.03650415, 'percent_change_30d': 63.1206702, 'percent_change_60d': 71.17968675, 'percent_change_90d': 120.16933422, 'market_cap': 1813114870.0353365, 'market_cap_dominance': 0.0714, 'fully_diluted_market_cap': 13046245976, 'tvl': None, 'last_updated': '2024-06-08T19:20:00.000Z'}}",,https://docs.ondo.foundation/ondo-token,https://docs.ondo.foundation/ondo-token
56,4157,THORChain,RUNE,thorchain,184,2019-07-23T00:00:00.000Z,"['cosmos-ecosystem', 'decentralized-exchange-dex-token', 'defi', 'dex', 'multicoin-capital-portfolio', 'exnetwork-capital-portfolio', 'injective-ecosystem']",,335185861.0,412906630.0,False,,57,257463288.0,1388469962.5874424,5.49539289,2024-06-08T19:21:00.000Z,"{'USD': {'price': 5.392885227922058, 'volume_24h': 202612961.32882994, 'volume_change_24h': -19.1984, 'percent_change_1h': -0.45765207, 'percent_change_24h': -3.28830388, 'percent_change_7d': -10.51947169, 'percent_change_30d': -13.47912118, 'percent_change_60d': -26.64935288, 'percent_change_90d': -36.95409452, 'market_cap': 1807618878.3952363, 'market_cap_dominance': 0.0711, 'fully_diluted_market_cap': 2226758065.44, 'tvl': 328933510.99038, 'last_updated': '2024-06-08T19:21:00.000Z'}}",https://whitepaper.io/document/709/thorchain-whitepaper,https://github.com/thorchain/Resources/tree/master/Whitepapers/THORChain/whitepaper-en.md,https://whitepaper.io/document/709/thorchain-whitepaper
57,22861,Celestia,TIA,celestia,191,2023-10-31T16:51:41.000Z,"['platform', 'modular-blockchain', 'egirl-capital-portfolio', 'data-availability', 'cmc-crypto-awards-2024']",,189481883.914211,1048438356.164211,False,"{'id': 12220, 'name': 'Osmosis', 'symbol': 'OSMO', 'slug': 'osmosis', 'token_address': 'ibc/D79E7D83AB399BFFF93433E54FAA480C191248FC556924A2A8351AE2638B3877'}",58,141043527.75,1298743059.9131448,,2024-06-08T19:21:00.000Z,"{'USD': {'price': 9.208101077953538, 'volume_24h': 89404216.67126435, 'volume_change_24h': -41.7807, 'percent_change_1h': -0.0096674, 'percent_change_24h': -3.3018728, 'percent_change_7d': -18.16636171, 'percent_change_30d': -3.74731471, 'percent_change_60d': -20.32725892, 'percent_change_90d': -43.13592792, 'market_cap': 1744768339.5231135, 'market_cap_dominance': 0.0687, 'fully_diluted_market_cap': 9654126357.56, 'tvl': None, 'last_updated': '2024-06-08T19:21:00.000Z'}}",,https://arxiv.org/abs/1905.09274,https://arxiv.org/abs/1905.09274
58,8000,Lido DAO,LDO,lido-dao,403,2020-12-15T00:00:00.000Z,"['defi', 'dao', 'three-arrows-capital-portfolio', 'paradigm-portfolio', 'arbitrum-ecosytem', 'liquid-staking-derivatives', 'optimism-ecosystem', 'standard-crypto-portfolio', 'egirl-capital-portfolio']",,893002273.6390692,1000000000.0,False,"{'id': 1027, 'name': 'Ethereum', 'symbol': 'ETH', 'slug': 'ethereum', 'token_address': '0x5a98fcbea516cf06857215779fd812ca3bef1b32'}",59,893002271.3590875,1727197510.3348038,0.04908002,2024-06-08T19:20:00.000Z,"{'USD': {'price': 1.9341468277635276, 'volume_24h': 116797400.05782878, 'volume_change_24h': -37.4797, 'percent_change_1h': -1.06744189, 'percent_change_24h': -2.34931127, 'percent_change_7d': -20.46062741, 'percent_change_30d': 2.93366665, 'percent_change_60d': -28.54606214, 'percent_change_90d': -40.64444075, 'market_cap': 1727197514.7446234, 'market_cap_dominance': 0.068, 'fully_diluted_market_cap': 1934146827.76, 'tvl': 35191459687.66103, 'last_updated': '2024-06-08T19:20:00.000Z'}}",https://whitepaper.io/document/0/lido-dao-whitepaper,https://lido.fi/static/Lido:Ethereum-Liquid-Staking.pdf,https://whitepaper.io/document/0/lido-dao-whitepaper
59,11092,Bitget Token,BGB,bitget-token-new,16,2021-07-29T00:00:00.000Z,['centralized-exchange'],2000000000.0,1400000000.0,2000000000.0,False,"{'id': 1027, 'name': 'Ethereum', 'symbol': 'ETH', 'slug': 'ethereum', 'token_address': '0x19de6b897ed14a376dda0fe53a5420d2ac828a28'}",60,1400000000.0,1632015277.4436507,,2024-06-08T19:20:00.000Z,"{'USD': {'price': 1.1657251981740362, 'volume_24h': 55477078.97543202, 'volume_change_24h': -41.6864, 'percent_change_1h': 0.00173444, 'percent_change_24h': 0.94200002, 'percent_change_7d': -19.0228163, 'percent_change_30d': 6.16902601, 'percent_change_60d': -10.31281474, 'percent_change_90d': 34.13257752, 'market_cap': 1632015277.4436507, 'market_cap_dominance': 0.0642, 'fully_diluted_market_cap': 2331450396.35, 'tvl': None, 'last_updated': '2024-06-08T19:20:00.000Z'}}",,,
60,23254,Core,CORE,core-dao,65,2023-02-08T12:26:11.000Z,[],2100000000.0,892219099.638974,2100000000.0,False,,61,,,,2024-06-08T19:20:00.000Z,"{'USD': {'price': 1.7032309281360347, 'volume_24h': 95694445.1676855, 'volume_change_24h': -10.1964, 'percent_change_1h': -0.11708913, 'percent_change_24h': -0.61574343, 'percent_change_7d': -12.80072071, 'percent_change_30d': 3.8601841, 'percent_change_60d': -28.04079294, 'percent_change_90d': 142.94275543, 'market_cap': 1519655165.1787868, 'market_cap_dominance': 0.0598, 'fully_diluted_market_cap': 3576784949.09, 'tvl': None, 'last_updated': '2024-06-08T19:20:00.000Z'}}",,https://docs.coredao.org/core-white-paper-v1.0.5/,https://docs.coredao.org/core-white-paper-v1.0.5/
61,28177,Pyth Network,PYTH,pyth-network,240,2023-11-20T09:42:13.000Z,"['oracles', 'solana-ecosystem']",,3624988956.012308,9999988956.012308,False,"{'id': 5426, 'name': 'Solana', 'symbol': 'SOL', 'slug': 'solana', 'token_address': 'HZ1JovNiVvGrGNiiYvEozEVgZ58xaU3RKwX8eACQBCt3'}",62,1500000000.0,627978271.1572632,,2024-06-08T19:20:00.000Z,"{'USD': {'price': 0.4186521807715088, 'volume_24h': 166376845.3604628, 'volume_change_24h': -33.1751, 'percent_change_1h': -0.51641662, 'percent_change_24h': -0.30648593, 'percent_change_7d': 2.785304, 'percent_change_30d': -13.01707593, 'percent_change_60d': -46.86875285, 'percent_change_90d': -46.59260162, 'market_cap': 1517609531.7071877, 'market_cap_dominance': 0.0597, 'fully_diluted_market_cap': 4186517184.13, 'tvl': None, 'last_updated': '2024-06-08T19:20:00.000Z'}}",,https://pyth.network/whitepaper_v2.pdf,https://pyth.network/whitepaper_v2.pdf
62,3773,Fetch.ai,FET,fetch,320,2019-03-02T00:00:00.000Z,"['cosmos-ecosystem', 'ai-big-data', 'collectibles-nfts', 'iot', 'binance-launchpad', 'web3', 'injective-ecosystem', 'generative-ai', 'dwf-labs-portfolio']",,848193895.9129184,2630547141.0,False,,63,1054456327.0,1849096720.558881,,2024-06-08T19:20:00.000Z,"{'USD': {'price': 1.753601996793634, 'volume_24h': 221560333.98823038, 'volume_change_24h': -36.766, 'percent_change_1h': 1.1276633, 'percent_change_24h': -2.57833143, 'percent_change_7d': -16.32865836, 'percent_change_30d': -21.87238537, 'percent_change_60d': -32.17696404, 'percent_change_90d': -37.53872475, 'market_cap': 1487394509.5410657, 'market_cap_dominance': 0.0585, 'fully_diluted_market_cap': 4612932719.12, 'tvl': None, 'last_updated': '2024-06-08T19:20:00.000Z'}}",https://whitepaper.io/document/447/fetch-whitepaper,https://www.dropbox.com/s/gxptsecwdl3jjtn/David%20Minarsch%20-%202021-04-26%2010.34.17%20-%20paper_21_finalversion.pdf?dl=0,https://whitepaper.io/document/447/fetch-whitepaper
63,22691,Starknet,STRK,starknet-token,134,2024-02-20T12:19:19.000Z,"['zero-knowledge-proofs', 'dapp', 'ethereum-ecosystem', 'layer-2', 'rollups']",10000000000.0,1300311845.0,10000000000.0,False,"{'id': 1027, 'name': 'Ethereum', 'symbol': 'ETH', 'slug': 'ethereum', 'token_address': '0xCa14007Eff0dB1f8135f4C25B34De49AB0d42766'}",64,1140483200.0,1286606487.9665082,,2024-06-08T19:21:00.000Z,"{'USD': {'price': 1.1281240161770978, 'volume_24h': 151337648.74772045, 'volume_change_24h': -36.6957, 'percent_change_1h': -0.9223922, 'percent_change_24h': -4.18206776, 'percent_change_7d': -3.54599888, 'percent_change_30d': -9.57708392, 'percent_change_60d': -40.51288238, 'percent_change_90d': -52.1468516, 'market_cap': 1466913020.8640518, 'market_cap_dominance': 0.0577, 'fully_diluted_market_cap': 11281240161.77, 'tvl': None, 'last_updated': '2024-06-08T19:21:00.000Z'}}",,https://starknet.io/docs/,https://starknet.io/docs/
64,23149,Sei,SEI,sei,182,2023-08-14T07:35:00.000Z,"['coinbase-ventures-portfolio', 'multicoin-capital-portfolio', 'layer-1', 'jump-crypto', 'sei-ecosystem', 'parallel-evm']",,2925000000.0,10000000000.0,False,,65,,,,2024-06-08T19:20:00.000Z,"{'USD': {'price': 0.5010950463891379, 'volume_24h': 169149042.60452917, 'volume_change_24h': -10.0631, 'percent_change_1h': -0.51822956, 'percent_change_24h': -0.38532481, 'percent_change_7d': 1.73131946, 'percent_change_30d': -4.95498364, 'percent_change_60d': -26.39939115, 'percent_change_90d': -42.09861575, 'market_cap': 1465703010.6882284, 'market_cap_dominance': 0.0577, 'fully_diluted_market_cap': 5010950463.89, 'tvl': None, 'last_updated': '2024-06-08T19:20:00.000Z'}}",,https://github.com/sei-protocol/sei-chain/blob/main/whitepaper/Sei_Whitepaper.pdf,https://github.com/sei-protocol/sei-chain/blob/main/whitepaper/Sei_Whitepaper.pdf
65,7278,Aave,AAVE,aave,892,2020-10-02T00:00:00.000Z,"['defi', 'dao', 'yield-farming', 'three-arrows-capital-portfolio', 'governance', 'lending-borowing', 'blockchain-capital-portfolio', 'defiance-capital-portfolio', 'framework-ventures-portfolio', 'alameda-research-portfolio', 'pantera-capital-portfolio', 'parafi-capital', 'polygon-ecosystem', 'fantom-ecosystem', 'optimism-ecosystem', 'standard-crypto-portfolio']",,14846044.71269366,16000000.0,False,"{'id': 1027, 'name': 'Ethereum', 'symbol': 'ETH', 'slug': 'ethereum', 'token_address': '0x7Fc66500c84A76Ad7e9c93437bFc5Ac33E2DDaE9'}",66,,,0.10749645,2024-06-08T19:20:00.000Z,"{'USD': {'price': 93.3270202362154, 'volume_24h': 100553894.10445724, 'volume_change_24h': -33.1263, 'percent_change_1h': -0.51028959, 'percent_change_24h': -2.15987395, 'percent_change_7d': -10.25523949, 'percent_change_30d': 4.52447203, 'percent_change_60d': -27.84695009, 'percent_change_90d': -26.25434385, 'market_cap': 1385537115.32932, 'market_cap_dominance': 0.0545, 'fully_diluted_market_cap': 1493232323.78, 'tvl': 12889142950.61832, 'last_updated': '2024-06-08T19:20:00.000Z'}}",https://whitepaper.io/document/533/aave-whitepaper,https://github.com/aave/aave-protocol/blob/master/docs/Aave_Protocol_Whitepaper_v1_0.pdf,https://whitepaper.io/document/533/aave-whitepaper
66,4030,Algorand,ALGO,algorand,424,2019-06-20T00:00:00.000Z,"['pos', 'platform', 'research', 'smart-contracts', 'arrington-xrp-capital-portfolio', 'kenetic-capital-portfolio', 'usv-portfolio', 'multicoin-capital-portfolio', 'exnetwork-capital-portfolio', 'layer-1', 'dwf-labs-portfolio', 'sec-security-token', 'alleged-sec-securities']",10000000000.0,8177594326.424678,10000000000.0,False,,67,8177594326.424678,1357451939.582647,,2024-06-08T19:20:00.000Z,"{'USD': {'price': 0.16599648813542184, 'volume_24h': 51170013.44600166, 'volume_change_24h': -43.0041, 'percent_change_1h': -0.59040183, 'percent_change_24h': -4.88861989, 'percent_change_7d': -12.1875669, 'percent_change_30d': -12.96822261, 'percent_change_60d': -28.90579518, 'percent_change_90d': -36.72881287, 'market_cap': 1357451939.582647, 'market_cap_dominance': 0.0534, 'fully_diluted_market_cap': 1659964881.35, 'tvl': None, 'last_updated': '2024-06-08T19:20:00.000Z'}}",,https://developer.algorand.org/,https://developer.algorand.org/
67,29210,Jupiter,JUP,jupiter-ag,415,2024-01-31T08:38:13.000Z,"['decentralized-exchange-dex-token', 'defi', 'derivatives', 'amm', 'solana-ecosystem', 'cross-chain']",,1350000000.0,10000000000.0,False,"{'id': 5426, 'name': 'Solana', 'symbol': 'SOL', 'slug': 'solana', 'token_address': 'JUPyiwrYJFskUPiHa7hkeR8VUtAeFoSYbKedZNsDvCN'}",68,1500000000.0,1478555975.332302,,2024-06-08T19:20:00.000Z,"{'USD': {'price': 0.9857039835548679, 'volume_24h': 89551568.31225662, 'volume_change_24h': -36.0681, 'percent_change_1h': -0.82106919, 'percent_change_24h': -3.22856102, 'percent_change_7d': -9.81522459, 'percent_change_30d': -7.15681793, 'percent_change_60d': -27.36572236, 'percent_change_90d': 25.87668565, 'market_cap': 1330700377.7990716, 'market_cap_dominance': 0.0524, 'fully_diluted_market_cap': 9857039835.55, 'tvl': None, 'last_updated': '2024-06-08T19:20:00.000Z'}}",,,
68,30171,Ethena,ENA,ethena,156,2024-03-29T04:42:08.000Z,"['defi', 'binance-labs-portfolio', 'okx-ventures-portfolio']",,1520312500.0,15000000000.0,False,"{'id': 1027, 'name': 'Ethereum', 'symbol': 'ETH', 'slug': 'ethereum', 'token_address': '0x57e114B691Db790C35207b2e685D4A43181e6061'}",69,1479139274.0,1239797235.209051,,2024-06-08T19:20:00.000Z,"{'USD': {'price': 0.8381883011302227, 'volume_24h': 176251141.91573605, 'volume_change_24h': -32.142, 'percent_change_1h': -0.94317372, 'percent_change_24h': -2.80257048, 'percent_change_7d': -6.86096233, 'percent_change_30d': -3.90579726, 'percent_change_60d': -31.7542637, 'percent_change_90d': 21.89945583, 'market_cap': 1274308151.5620418, 'market_cap_dominance': 0.0502, 'fully_diluted_market_cap': 0, 'tvl': None, 'last_updated': '2024-06-08T19:20:00.000Z'}}",,https://ethena-labs.gitbook.io/ethena-labs/,https://ethena-labs.gitbook.io/ethena-labs/
69,25028,ORDI,ORDI,ordi,165,2023-05-08T05:51:24.000Z,"['bitcoin-ecosystem', 'brc-20', 'inscriptions']",21000000.0,21000000.0,21000000.0,False,"{'id': 1, 'name': 'Ordinals - BRC20', 'symbol': 'BTC', 'slug': 'bitcoin', 'token_address': 'b61b0172d95e266c18aea0c624db987e971a5d6d4ebc2aaed85da4642d635735i0'}",70,21000000.0,1253334403.2912486,,2024-06-08T19:21:00.000Z,"{'USD': {'price': 59.6825906329166, 'volume_24h': 354696764.53225577, 'volume_change_24h': -30.5296, 'percent_change_1h': -0.94512927, 'percent_change_24h': 0.838355, 'percent_change_7d': 26.15359805, 'percent_change_30d': 54.5930777, 'percent_change_60d': -12.53384333, 'percent_change_90d': -21.29278722, 'market_cap': 1253334403.2912486, 'market_cap_dominance': 0.0493, 'fully_diluted_market_cap': 1253334403.29, 'tvl': None, 'last_updated': '2024-06-08T19:21:00.000Z'}}",,,
70,4558,Flow,FLOW,flow,192,2021-01-27T00:00:00.000Z,"['platform', 'collectibles-nfts', 'staking', 'coinbase-ventures-portfolio', 'coinfund-portfolio', 'dcg-portfolio', 'ledgerprime-portfolio', 'a16z-portfolio', 'animoca-brands-portfolio', 'layer-1', 'sec-security-token', 'alleged-sec-securities']",,1511780104.0,1511780103.8756232,True,,71,,,,2024-06-08T19:21:00.000Z,"{'USD': {'price': 0.799692362155726, 'volume_24h': 44851812.41072156, 'volume_change_24h': -5.5976, 'percent_change_1h': -0.84324921, 'percent_change_24h': -5.11204092, 'percent_change_7d': -10.03614341, 'percent_change_30d': -11.09385168, 'percent_change_60d': -36.31934434, 'percent_change_90d': -43.95913179, 'market_cap': 1208959002.4277892, 'market_cap_dominance': 0.0476, 'fully_diluted_market_cap': 1208959002.33, 'tvl': None, 'last_updated': '2024-06-08T19:21:00.000Z'}}",,https://www.onflow.org/technical-paper/,https://www.onflow.org/technical-paper/
71,7080,Gala,GALA,gala,432,2020-09-16T00:00:00.000Z,"['collectibles-nfts', 'gaming', 'binance-smart-chain', 'polygon-ecosystem', 'play-to-earn', 'dwf-labs-portfolio']",,31621742416.41601,33650902552.430645,False,"{'id': 1027, 'name': 'Ethereum', 'symbol': 'ETH', 'slug': 'ethereum', 'token_address': '0xd1d2Eb1B1e90B638588728b4130137D262C87cae'}",72,35229668030.34851,1345181931.650174,,2024-06-08T19:20:00.000Z,"{'USD': {'price': 0.03818321337831995, 'volume_24h': 199424448.1158936, 'volume_change_24h': -24.5583, 'percent_change_1h': -0.27431237, 'percent_change_24h': -2.85466945, 'percent_change_7d': -10.7908065, 'percent_change_30d': -12.56111658, 'percent_change_60d': -37.50938567, 'percent_change_90d': -51.62518231, 'market_cap': 1207419738.0802834, 'market_cap_dominance': 0.0475, 'fully_diluted_market_cap': 1284899592.53, 'tvl': None, 'last_updated': '2024-06-08T19:20:00.000Z'}}",,,
72,29587,Wormhole,W,wormhole,221,2024-03-29T04:25:44.000Z,"['collectibles-nfts', 'defi', 'interoperability', 'dao', 'ethereum-ecosystem', 'coinbase-ventures-portfolio', 'governance', 'solana-ecosystem', 'arrington-xrp-capital-portfolio', 'multicoin-capital-portfolio', 'web3', 'cross-chain', 'jump-crypto']",,1800000000.0,10000000000.0,False,"{'id': 1027, 'name': 'Ethereum', 'symbol': 'ETH', 'slug': 'ethereum', 'token_address': '0xB0fFa8000886e57F86dd5264b9582b2Ad87b2b91'}",73,1800000000.0,1198213454.633581,,2024-06-08T19:20:00.000Z,"{'USD': {'price': 0.6656741414631006, 'volume_24h': 289939721.88080835, 'volume_change_24h': -14.6216, 'percent_change_1h': -3.60359712, 'percent_change_24h': 0.18482874, 'percent_change_7d': 12.62902045, 'percent_change_30d': 6.91152634, 'percent_change_60d': -22.76650575, 'percent_change_90d': -51.74414403, 'market_cap': 1198213454.633581, 'market_cap_dominance': 0.0472, 'fully_diluted_market_cap': 0, 'tvl': None, 'last_updated': '2024-06-08T19:20:00.000Z'}}",,,
73,28298,Beam,BEAM,onbeam,132,2021-10-29T04:07:32.000Z,"['gaming', 'ethereum-ecosystem', 'binance-chain', 'binance-launchpool', 'governance', 'play-to-earn', 'token', 'gaming-guild', 'spartan-group', 'dwf-labs-portfolio']",62434008330.0,49466004168.0,62434008330.0,False,"{'id': 1027, 'name': 'Ethereum', 'symbol': 'ETH', 'slug': 'ethereum', 'token_address': '0x62D0A8458eD7719FDAF978fe5929C6D342B0bFcE'}",74,49466004168.0,1139014206.225163,,2024-06-08T19:20:00.000Z,"{'USD': {'price': 0.023026202042856766, 'volume_24h': 16730242.54787092, 'volume_change_24h': -50.3149, 'percent_change_1h': -0.71639389, 'percent_change_24h': -1.91251973, 'percent_change_7d': -22.31501987, 'percent_change_30d': -5.56537358, 'percent_change_60d': -23.07804166, 'percent_change_90d': -43.96868451, 'market_cap': 1139014206.225163, 'market_cap_dominance': 0.0448, 'fully_diluted_market_cap': 1437618090.15, 'tvl': None, 'last_updated': '2024-06-08T19:20:00.000Z'}}",,https://docs.onbeam.com/,https://docs.onbeam.com/
74,3602,Bitcoin SV,BSV,bitcoin-sv,238,2018-11-09T00:00:00.000Z,"['mineable', 'pow', 'sha-256', 'medium-of-exchange', 'store-of-value', 'state-channel', 'bitcoin-ecosystem']",,19712656.25,19712656.25,False,,75,,,,2024-06-08T19:20:00.000Z,"{'USD': {'price': 56.50698516287228, 'volume_24h': 39904067.01978614, 'volume_change_24h': -25.6587, 'percent_change_1h': -0.01322373, 'percent_change_24h': -1.13744518, 'percent_change_7d': -7.25660642, 'percent_change_30d': -11.28776364, 'percent_change_60d': -40.66605163, 'percent_change_90d': -48.22359231, 'market_cap': 1113902774.2395515, 'market_cap_dominance': 0.0438, 'fully_diluted_market_cap': 1113902774.24, 'tvl': None, 'last_updated': '2024-06-08T19:20:00.000Z'}}",,,
75,7950,Flare,FLR,flare,73,2020-12-11T00:00:00.000Z,"['layer-1', 'dwf-labs-portfolio']",,40881953105.838165,100559787198.0,False,,76,40881953105.838165,1111311917.4384751,,2024-06-08T19:20:00.000Z,"{'USD': {'price': 0.027183435061466612, 'volume_24h': 12991849.40526986, 'volume_change_24h': -51.3004, 'percent_change_1h': -0.67519523, 'percent_change_24h': -1.57827443, 'percent_change_7d': 0.53285153, 'percent_change_30d': -6.46164707, 'percent_change_60d': -31.19572309, 'percent_change_90d': -34.36329822, 'market_cap': 1111311917.4384751, 'market_cap_dominance': 0.0437, 'fully_diluted_market_cap': 2733560445.09, 'tvl': None, 'last_updated': '2024-06-08T19:20:00.000Z'}}",,https://docs.flare.network/,https://docs.flare.network/
76,28324,dYdX (Native),DYDX,dydx-chain,169,2021-08-03T00:00:00.000Z,['decentralized-exchange-dex-token'],,593526139.29,766665433.33,False,"{'id': 12220, 'name': 'Osmosis', 'symbol': 'OSMO', 'slug': 'osmosis', 'token_address': 'ibc/831F0B1BBB1D08A2B75311892876D71565478C532967545476DF4C2D7492E48C'}",77,501325666.72,927213243.6873776,,2024-06-08T19:20:00.000Z,"{'USD': {'price': 1.849522785764815, 'volume_24h': 54088978.77788983, 'volume_change_24h': -41.7518, 'percent_change_1h': -0.78324987, 'percent_change_24h': -2.12585832, 'percent_change_7d': -8.74546955, 'percent_change_30d': -13.85316801, 'percent_change_60d': -40.07664029, 'percent_change_90d': -54.18879211, 'market_cap': 1097740118.5638764, 'market_cap_dominance': 0.0432, 'fully_diluted_market_cap': 1417965188, 'tvl': None, 'last_updated': '2024-06-08T19:20:00.000Z'}}",,https://docs.dydx.community/dydx-token-migration/start-here/introduction,https://docs.dydx.community/dydx-token-migration/start-here/introduction
77,6783,Axie Infinity,AXS,axie-infinity,458,2020-08-31T00:00:00.000Z,"['collectibles-nfts', 'gaming', 'binance-launchpad', 'metaverse', 'defiance-capital-portfolio', 'play-to-earn', 'animoca-brands-portfolio', 'sec-security-token', 'alleged-sec-securities']",,145704491.22477332,270000000.0,False,"{'id': 1027, 'name': 'Ethereum', 'symbol': 'ETH', 'slug': 'ethereum', 'token_address': '0xbb0e17ef65f82ab018d8edd776e8dd940327b28b'}",78,145704446.15999323,1089251615.1137743,,2024-06-08T19:20:00.000Z,"{'USD': {'price': 7.475760993029021, 'volume_24h': 51970879.63008451, 'volume_change_24h': -21.6603, 'percent_change_1h': -0.65926751, 'percent_change_24h': -4.60305779, 'percent_change_7d': -3.34744539, 'percent_change_30d': 2.12661561, 'percent_change_60d': -25.028277, 'percent_change_90d': -42.37065096, 'market_cap': 1089251952.0072997, 'market_cap_dominance': 0.0429, 'fully_diluted_market_cap': 2018455468.12, 'tvl': None, 'last_updated': '2024-06-08T19:20:00.000Z'}}",,https://whitepaper.axieinfinity.com/,https://whitepaper.axieinfinity.com/
78,16086,BitTorrent [New],BTT,bittorrent-new,161,2019-01-31T00:00:00.000Z,"['platform', 'distributed-computing', 'filesharing', 'interoperability', 'staking', 'tron-ecosystem', 'storage', 'binance-launchpad', 'binance-labs-portfolio', 'web3', 'bnb-chain', 'sec-security-token', 'alleged-sec-securities', 'depin']",,968246428571000.0,990000000000000.0,False,"{'id': 1958, 'name': 'Tron20', 'symbol': 'TRX', 'slug': 'tron', 'token_address': 'TAFjULxiVgT4qWk6UZwjqwZXTSaGaqnVp4'}",79,,,,2024-06-08T19:20:00.000Z,"{'USD': {'price': 1.1001032349475316e-06, 'volume_24h': 34370651.64886802, 'volume_change_24h': 25.0529, 'percent_change_1h': -0.21277798, 'percent_change_24h': -1.62209431, 'percent_change_7d': -5.4576828, 'percent_change_30d': -8.78891625, 'percent_change_60d': -26.46748418, 'percent_change_90d': -36.43122565, 'market_cap': 1065171028.2973512, 'market_cap_dominance': 0.0419, 'fully_diluted_market_cap': 1089102202.6, 'tvl': None, 'last_updated': '2024-06-08T19:20:00.000Z'}}",,https://www.bittorrent.com/btt/btt-docs/BitTorrent_(BTT)_White_Paper_v0.8.7_Feb_2019.pdf,https://www.bittorrent.com/btt/btt-docs/BitTorrent_(BTT)_White_Paper_v0.8.7_Feb_2019.pdf
79,4066,Chiliz,CHZ,chiliz,464,2019-07-01T00:00:00.000Z,"['sports', 'collectibles-nfts', 'content-creation', 'payments', 'layer-1', 'sec-security-token', 'alleged-sec-securities']",,8888289967.124962,8888888888.0,False,"{'id': 1027, 'name': 'Ethereum', 'symbol': 'ETH', 'slug': 'ethereum', 'token_address': '0x3506424f91fd33084466f402d5d97f05f8e3b4af'}",80,,,,2024-06-08T19:20:00.000Z,"{'USD': {'price': 0.1180941590679054, 'volume_24h': 110303707.44345373, 'volume_change_24h': -40.9254, 'percent_change_1h': -0.54812847, 'percent_change_24h': -3.67536296, 'percent_change_7d': -21.7677598, 'percent_change_30d': -4.68261924, 'percent_change_60d': -20.75504279, 'percent_change_90d': -21.51113692, 'market_cap': 1049655129.2193228, 'market_cap_dominance': 0.0413, 'fully_diluted_market_cap': 1049725858.28, 'tvl': None, 'last_updated': '2024-06-08T19:20:00.000Z'}}",https://whitepaper.io/document/522/chiliz-whitepaper,,https://whitepaper.io/document/522/chiliz-whitepaper
80,3155,Quant,QNT,quant,250,2018-08-10T00:00:00.000Z,"['platform', 'interoperability', 'real-world-assets']",14881364.0,12072738.0,14881364.0,False,"{'id': 1027, 'name': 'Ethereum', 'symbol': 'ETH', 'slug': 'ethereum', 'token_address': '0x4a220e6096b25eadb88358cb44068a3248254675'}",81,,,,2024-06-08T19:20:00.000Z,"{'USD': {'price': 83.54170468768098, 'volume_24h': 23133933.67499366, 'volume_change_24h': -29.0772, 'percent_change_1h': -0.17266516, 'percent_change_24h': -2.5686226, 'percent_change_7d': -7.08449958, 'percent_change_30d': -14.94753599, 'percent_change_60d': -28.58851172, 'percent_change_90d': -29.52997835, 'market_cap': 1008577112.7677443, 'market_cap_dominance': 0.0397, 'fully_diluted_market_cap': 1243214516.64, 'tvl': None, 'last_updated': '2024-06-08T19:20:00.000Z'}}",https://whitepaper.io/document/420/quant-whitepaper,,https://whitepaper.io/document/420/quant-whitepaper
81,7431,Akash Network,AKT,akash-network,82,2020-10-16T00:00:00.000Z,"['cosmos-ecosystem', 'ai-big-data', 'distributed-computing', 'web3', 'injective-ecosystem', 'generative-ai', 'depin']",388539008.0,239722473.562884,239722473.562884,False,,82,,,,2024-06-08T19:20:00.000Z,"{'USD': {'price': 4.191231649180877, 'volume_24h': 9954463.15483948, 'volume_change_24h': -34.1282, 'percent_change_1h': 0.64274002, 'percent_change_24h': -0.21376227, 'percent_change_7d': -10.09288121, 'percent_change_30d': -17.77161742, 'percent_change_60d': 1.96729647, 'percent_change_90d': -31.22506055, 'market_cap': 1004732418.2166855, 'market_cap_dominance': 0.0395, 'fully_diluted_market_cap': 1628456987.27, 'tvl': None, 'last_updated': '2024-06-08T19:20:00.000Z'}}",https://whitepaper.io/document/633/akash-network-whitepaper,,https://whitepaper.io/document/633/akash-network-whitepaper
82,13502,Worldcoin,WLD,worldcoin-org,295,2021-10-28T15:31:43.000Z,"['privacy', 'zero-knowledge-proofs', 'identity', 'ethereum-ecosystem', 'governance', 'blockchain-capital-portfolio', 'a16z-portfolio', 'token', 'optimism-ecosystem']",,235019554.4829855,10000000000.0,False,"{'id': 1027, 'name': 'Ethereum', 'symbol': 'ETH', 'slug': 'ethereum', 'token_address': '0x163f8c2467924be0ae7b5347228cabf260318753'}",83,234959816.4829855,999837034.4621328,,2024-06-08T19:20:00.000Z,"{'USD': {'price': 4.2553533171257625, 'volume_24h': 293357568.757942, 'volume_change_24h': -30.6124, 'percent_change_1h': 0.14560881, 'percent_change_24h': -0.7294042, 'percent_change_7d': -11.0725126, 'percent_change_30d': -22.8415808, 'percent_change_60d': -36.73175905, 'percent_change_90d': -55.74043993, 'market_cap': 1000091240.7585912, 'market_cap_dominance': 0.0394, 'fully_diluted_market_cap': 42553533171.26, 'tvl': None, 'last_updated': '2024-06-08T19:20:00.000Z'}}",,https://whitepaper.worldcoin.org/,https://whitepaper.worldcoin.org/
83,2087,KuCoin Token,KCS,kucoin-token,49,2017-10-24T00:00:00.000Z,"['marketplace', 'centralized-exchange', 'discount-token']",170118638.0,95642961.28856076,143142961.28847674,False,"{'id': 1027, 'name': 'Ethereum', 'symbol': 'ETH', 'slug': 'ethereum', 'token_address': '0xf34960d9d60be18cc1d5afc1a6f012a723a28811'}",84,,,,2024-06-08T19:21:00.000Z,"{'USD': {'price': 10.283985823662452, 'volume_24h': 1102532.44506218, 'volume_change_24h': -23.0342, 'percent_change_1h': 0.43683176, 'percent_change_24h': 0.44888503, 'percent_change_7d': 1.9561336, 'percent_change_30d': -0.90191648, 'percent_change_60d': -1.0095772, 'percent_change_90d': -30.92902834, 'market_cap': 983590858.0246553, 'market_cap_dominance': 0.0387, 'fully_diluted_market_cap': 1749497661.53, 'tvl': None, 'last_updated': '2024-06-08T19:21:00.000Z'}}",,https://www.kcs.foundation/kcs-whitepaper.pdf,https://www.kcs.foundation/kcs-whitepaper.pdf
84,2424,SingularityNET,AGIX,singularitynet,258,2018-01-18T00:00:00.000Z,"['marketplace', 'ai-big-data', 'payments', 'cross-chain-dex-aggregator', 'cardano-ecosystem', 'generative-ai']",2000000000.0,1284776139.4192574,1410728722.7389965,False,"{'id': 1027, 'name': 'Ethereum', 'symbol': 'ETH', 'slug': 'ethereum', 'token_address': '0x5B7533812759B45C2B44C19e320ba2cD2681b542'}",85,1000000000.0,749092095.4138877,,2024-06-08T19:21:00.000Z,"{'USD': {'price': 0.7490920954138878, 'volume_24h': 90883627.88292678, 'volume_change_24h': -39.6848, 'percent_change_1h': 0.13124262, 'percent_change_24h': -0.53974085, 'percent_change_7d': -15.37030822, 'percent_change_30d': -20.41064241, 'percent_change_60d': -28.68039677, 'percent_change_90d': -41.54664201, 'market_cap': 962415650.4153367, 'market_cap_dominance': 0.0379, 'fully_diluted_market_cap': 1498184190.83, 'tvl': None, 'last_updated': '2024-06-08T19:21:00.000Z'}}",https://whitepaper.io/document/732/singularitynet-whitepaper,https://public.singularitynet.io/whitepaper.pdf,https://whitepaper.io/document/732/singularitynet-whitepaper
85,14101,Ronin,RON,ronin,66,2021-11-08T17:57:40.000Z,"['platform', 'gaming', 'staking', 'layer-1']",,329193064.08419496,1000000000.0,False,,86,329189020.1772901,955611073.902469,,2024-06-08T19:20:00.000Z,"{'USD': {'price': 2.902925113929405, 'volume_24h': 14584236.8346722, 'volume_change_24h': -35.6729, 'percent_change_1h': -0.59461, 'percent_change_24h': 0.21497074, 'percent_change_7d': -3.31952408, 'percent_change_30d': 5.56845796, 'percent_change_60d': -23.56725371, 'percent_change_90d': -21.46154571, 'market_cap': 955622813.0613817, 'market_cap_dominance': 0.0376, 'fully_diluted_market_cap': 2902925113.93, 'tvl': None, 'last_updated': '2024-06-08T19:20:00.000Z'}}",,https://docs.roninchain.com/basics/white-paper,https://docs.roninchain.com/basics/white-paper
86,1376,Neo,NEO,neo,330,2016-09-08T00:00:00.000Z,"['platform', 'enterprise-solutions', 'smart-contracts']",100000000.0,70538831.0,100000000.0,False,,87,,,,2024-06-08T19:20:00.000Z,"{'USD': {'price': 13.397664793000667, 'volume_24h': 39213518.00810876, 'volume_change_24h': -39.8286, 'percent_change_1h': -0.64955402, 'percent_change_24h': -3.34717497, 'percent_change_7d': -8.22937232, 'percent_change_30d': -12.68966331, 'percent_change_60d': -30.44644207, 'percent_change_90d': -21.26835763, 'market_cap': 945055612.628124, 'market_cap_dominance': 0.0372, 'fully_diluted_market_cap': 1339766479.3, 'tvl': None, 'last_updated': '2024-06-08T19:20:00.000Z'}}",https://whitepaper.io/document/613/neo-whitepaper,https://docs.neo.org/docs/en-us/index.html,https://whitepaper.io/document/613/neo-whitepaper
87,6892,MultiversX,EGLD,multiversx-egld,245,2020-09-04T00:00:00.000Z,"['pos', 'enterprise-solutions', 'distributed-computing', 'loyalty', 'defi', 'gaming', 'identity', 'payments', 'scaling', 'smart-contracts', 'software', 'binance-launchpad', 'binance-labs-portfolio', 'metaverse', 'electric-capital-portfolio', 'exnetwork-capital-portfolio', 'mobile-payment', 'web3', 'elrond-ecosystem', 'injective-ecosystem', 'bnb-chain', 'layer-1', 'dwf-labs-portfolio', 'multiversx-ecosystem', 'depin']",31415926.0,27039554.0,27044706.0,False,,88,27039554.0,940023980.581771,,2024-06-08T19:20:00.000Z,"{'USD': {'price': 34.764773878362455, 'volume_24h': 30359170.64598226, 'volume_change_24h': -34.7848, 'percent_change_1h': -0.40756954, 'percent_change_24h': -4.0191119, 'percent_change_7d': -9.83320347, 'percent_change_30d': -13.40964268, 'percent_change_60d': -35.58950792, 'percent_change_90d': -47.77365199, 'market_cap': 940023980.581771, 'market_cap_dominance': 0.037, 'fully_diluted_market_cap': 1092167563.57, 'tvl': None, 'last_updated': '2024-06-08T19:20:00.000Z'}}",,https://files.multiversx.com/multiversx-whitepaper.pdf,https://files.multiversx.com/multiversx-whitepaper.pdf
88,6210,The Sandbox,SAND,the-sandbox,562,2020-08-05T00:00:00.000Z,"['collectibles-nfts', 'content-creation', 'gaming', 'ethereum-ecosystem', 'binance-launchpad', 'metaverse', 'play-to-earn', 'animoca-brands-portfolio', 'sec-security-token', 'alleged-sec-securities']",,2265731926.2233224,3000000000.0,False,"{'id': 1027, 'name': 'Ethereum', 'symbol': 'ETH', 'slug': 'ethereum', 'token_address': '0x3845badAde8e6dFF049820680d1F14bD3903a5d0'}",89,,,,2024-06-08T19:21:00.000Z,"{'USD': {'price': 0.40961584052261013, 'volume_24h': 116934911.11130801, 'volume_change_24h': -9.3912, 'percent_change_1h': -0.85080489, 'percent_change_24h': -4.68910732, 'percent_change_7d': -5.38907255, 'percent_change_30d': -6.35262671, 'percent_change_60d': -34.46645322, 'percent_change_90d': -48.97940572, 'market_cap': 928079687.3588787, 'market_cap_dominance': 0.0365, 'fully_diluted_market_cap': 1228847521.57, 'tvl': None, 'last_updated': '2024-06-08T19:21:00.000Z'}}",https://whitepaper.io/document/642/the-sandbox-whitepaper,http://www.sandbox.game/The_Sandbox_Whitepaper_2020.pdf,https://whitepaper.io/document/642/the-sandbox-whitepaper
89,9481,Pendle,PENDLE,pendle,312,2021-04-29T00:00:00.000Z,"['olympus-pro-ecosystem', 'spartan-group', 'restaking', 'eigenlayer-ecosystem']",,155908469.4957164,258446028.24463487,False,"{'id': 1027, 'name': 'Ethereum', 'symbol': 'ETH', 'slug': 'ethereum', 'token_address': '0x808507121b80c02388fad14726482e061b8da827'}",90,,,,2024-06-08T19:20:00.000Z,"{'USD': {'price': 5.515070152549045, 'volume_24h': 62374108.26099274, 'volume_change_24h': -38.8381, 'percent_change_1h': -0.69265313, 'percent_change_24h': 3.06869461, 'percent_change_7d': -11.464494, 'percent_change_30d': 19.03696366, 'percent_change_60d': -13.82583712, 'percent_change_90d': 82.94919184, 'market_cap': 859846146.6454288, 'market_cap_dominance': 0.0338, 'fully_diluted_market_cap': 1425347976.42, 'tvl': None, 'last_updated': '2024-06-08T19:20:00.000Z'}}",,https://docs.pendle.finance/resources/lite-paper,https://docs.pendle.finance/resources/lite-paper
90,1659,Gnosis,GNO,gnosis-gno,187,2017-05-01T00:00:00.000Z,"['services', 'decentralized-exchange-dex-token', 'defi', 'prediction-markets', 'kenetic-capital-portfolio', 'arbitrum-ecosytem', 'layer-1']",3000000.0,2589588.0,3000000.0,False,"{'id': 1027, 'name': 'Ethereum', 'symbol': 'ETH', 'slug': 'ethereum', 'token_address': '0x6810e776880c02933d47db1b9fc05908e5386b96'}",91,,,,2024-06-08T19:20:00.000Z,"{'USD': {'price': 324.8454340024371, 'volume_24h': 14920748.88326107, 'volume_change_24h': -15.821, 'percent_change_1h': -0.18892609, 'percent_change_24h': -2.56647216, 'percent_change_7d': -5.20509562, 'percent_change_30d': 7.57947743, 'percent_change_60d': -10.78295701, 'percent_change_90d': -22.51214331, 'market_cap': 841215837.7475032, 'market_cap_dominance': 0.0331, 'fully_diluted_market_cap': 974536302.01, 'tvl': None, 'last_updated': '2024-06-08T19:20:00.000Z'}}",,https://github.com/gnosis/research/blob/master/gnosis-whitepaper.pdf,https://github.com/gnosis/research/blob/master/gnosis-whitepaper.pdf
91,8646,Mina,MINA,mina,150,2021-03-02T00:00:00.000Z,"['pos', 'zero-knowledge-proofs', 'staking', 'coinbase-ventures-portfolio', 'three-arrows-capital-portfolio', 'polychain-capital-portfolio']",,1117294290.8400393,1166743524.8400393,True,,92,,,,2024-06-08T19:21:00.000Z,"{'USD': {'price': 0.749321936763429, 'volume_24h': 30765072.67394296, 'volume_change_24h': -37.5279, 'percent_change_1h': -1.05398884, 'percent_change_24h': -5.30621124, 'percent_change_7d': -11.01089377, 'percent_change_30d': -8.80980947, 'percent_change_60d': -29.41403581, 'percent_change_90d': -48.00568308, 'market_cap': 837213121.9469801, 'market_cap_dominance': 0.0329, 'fully_diluted_market_cap': 874266517.74, 'tvl': None, 'last_updated': '2024-06-08T19:21:00.000Z'}}",,https://minaprotocol.com/docs,https://minaprotocol.com/docs
92,10791,eCash,XEC,ecash,95,2021-07-08T00:00:00.000Z,['layer-1'],21000000000000.0,19712648423092.0,19712648423092.0,False,,93,19712623423092.0,824148658.5023094,,2024-06-08T19:20:00.000Z,"{'USD': {'price': 4.180816732575915e-05, 'volume_24h': 14108411.44955719, 'volume_change_24h': -32.7584, 'percent_change_1h': -0.7262203, 'percent_change_24h': -2.4094618, 'percent_change_7d': -9.73652961, 'percent_change_30d': -13.00268003, 'percent_change_60d': -42.74363353, 'percent_change_90d': -36.24869666, 'market_cap': 824149703.7064925, 'market_cap_dominance': 0.0324, 'fully_diluted_market_cap': 877971513.84, 'tvl': None, 'last_updated': '2024-06-08T19:20:00.000Z'}}",,,
93,2011,Tezos,XTZ,tezos,380,2017-10-06T00:00:00.000Z,"['pos', 'platform', 'enterprise-solutions', 'collectibles-nfts', 'defi', 'smart-contracts', 'polychain-capital-portfolio', 'boostvc-portfolio', 'winklevoss-capital-portfolio', 'layer-1']",,984666956.895885,1005231366.384516,True,,94,,,,2024-06-08T19:20:00.000Z,"{'USD': {'price': 0.8312512813525436, 'volume_24h': 34476354.83141192, 'volume_change_24h': -16.7109, 'percent_change_1h': -0.78047535, 'percent_change_24h': -3.93601262, 'percent_change_7d': -11.47415872, 'percent_change_30d': -11.04011653, 'percent_change_60d': -35.2684255, 'percent_change_90d': -41.53105487, 'market_cap': 818505669.6252142, 'market_cap_dominance': 0.0322, 'fully_diluted_market_cap': 835599861.36, 'tvl': None, 'last_updated': '2024-06-08T19:20:00.000Z'}}",https://whitepaper.io/document/376/tezos-whitepaper,https://tezos.com/whitepaper.pdf,https://whitepaper.io/document/376/tezos-whitepaper
94,2694,Nexo,NEXO,nexo,126,2018-05-01T00:00:00.000Z,"['services', 'payments', 'cardano-ecosystem', 'alleged-sec-securities']",,560000011.0,1000000000.0,False,"{'id': 1027, 'name': 'Ethereum', 'symbol': 'ETH', 'slug': 'ethereum', 'token_address': '0xb62132e35a6c13ee1ee0f84dc5d40bad8d815206'}",95,,,,2024-06-08T19:20:00.000Z,"{'USD': {'price': 1.4415038808942937, 'volume_24h': 5600790.25767543, 'volume_change_24h': -41.0342, 'percent_change_1h': -0.37065681, 'percent_change_24h': -0.5258094, 'percent_change_7d': 1.15278956, 'percent_change_30d': 14.27676792, 'percent_change_60d': 3.88141467, 'percent_change_90d': 0.16874903, 'market_cap': 807242189.1573472, 'market_cap_dominance': 0.0318, 'fully_diluted_market_cap': 0, 'tvl': None, 'last_updated': '2024-06-08T19:20:00.000Z'}}",https://whitepaper.io/document/122/nexo-whitepaper,https://nexo.com/assets/downloads/Nexo-Whitepaper.pdf?=a,https://whitepaper.io/document/122/nexo-whitepaper
95,4269,GateToken,GT,gatetoken,28,2019-08-20T00:00:00.000Z,"['marketplace', 'centralized-exchange', 'discount-token', 'ftx-bankruptcy-estate']",,93243710.55374482,300000000.0,False,"{'id': 1027, 'name': 'Ethereum', 'symbol': 'ETH', 'slug': 'ethereum', 'token_address': '0xe66747a101bff2dba3697199dcce5b743b454759'}",96,,,,2024-06-08T19:21:00.000Z,"{'USD': {'price': 8.521090740361847, 'volume_24h': 4713716.10064393, 'volume_change_24h': -33.3253, 'percent_change_1h': -0.35510063, 'percent_change_24h': 3.80355627, 'percent_change_7d': 3.89386963, 'percent_change_30d': 4.4871231, 'percent_change_60d': 10.6350694, 'percent_change_90d': 37.47944744, 'market_cap': 794538118.5964953, 'market_cap_dominance': 0.0313, 'fully_diluted_market_cap': 2556327222.11, 'tvl': None, 'last_updated': '2024-06-08T19:21:00.000Z'}}",,,
96,2586,Synthetix,SNX,synthetix,608,2018-03-14T00:00:00.000Z,"['services', 'decentralized-exchange-dex-token', 'defi', 'derivatives', 'dao', 'yield-farming', 'coinbase-ventures-portfolio', 'three-arrows-capital-portfolio', 'governance', 'synthetics', 'defiance-capital-portfolio', 'framework-ventures-portfolio', 'alameda-research-portfolio', 'parafi-capital', 'paradigm-portfolio', 'fantom-ecosystem', 'spartan-group', 'bnb-chain', 'optimism-ecosystem', 'real-world-assets', 'dwf-labs-portfolio', 'celsius-bankruptcy-estate']",,327769196.1395232,328193104.0887736,False,"{'id': 1027, 'name': 'Ethereum', 'symbol': 'ETH', 'slug': 'ethereum', 'token_address': '0xc011a73ee8576fb46f5e1c5751ca3b9fe0af2a6f'}",97,,,,2024-06-08T19:20:00.000Z,"{'USD': {'price': 2.4238248352556875, 'volume_24h': 32036017.42130037, 'volume_change_24h': -30.6772, 'percent_change_1h': -0.38294121, 'percent_change_24h': -1.61712266, 'percent_change_7d': -16.82435292, 'percent_change_30d': -7.33379688, 'percent_change_60d': -39.70939794, 'percent_change_90d': -43.8091038, 'market_cap': 794455117.834769, 'market_cap_dominance': 0.0313, 'fully_diluted_market_cap': 795482596.45, 'tvl': None, 'last_updated': '2024-06-08T19:20:00.000Z'}}",,https://docs.synthetix.io/,https://docs.synthetix.io/
97,1765,EOS,EOS,eos,676,2017-07-01T00:00:00.000Z,"['medium-of-exchange', 'enterprise-solutions', 'smart-contracts', 'eos', 'fenbushi-capital-portfolio', 'galaxy-digital-portfolio', 'dwf-labs-portfolio']",,1127540931.1325,1127540931.1325,True,,98,2099997999.5945,1470039328.9746895,,2024-06-08T19:20:00.000Z,"{'USD': {'price': 0.7000193949034939, 'volume_24h': 153793713.43009388, 'volume_change_24h': -19.7672, 'percent_change_1h': -0.20297353, 'percent_change_24h': -1.93475974, 'percent_change_7d': -13.0746473, 'percent_change_30d': -13.54260756, 'percent_change_60d': -35.80600201, 'percent_change_90d': -39.0400856, 'market_cap': 789300520.3402946, 'market_cap_dominance': 0.0311, 'fully_diluted_market_cap': 789300520.34, 'tvl': None, 'last_updated': '2024-06-08T19:20:00.000Z'}}",,https://eosnetwork.com/blog/category/eos-blue-papers/,https://eosnetwork.com/blog/category/eos-blue-papers/
98,7334,Conflux,CFX,conflux-network,161,2020-11-11T00:00:00.000Z,"['mineable', 'pow', 'platform', 'collectibles-nfts', 'defi', 'payments', 'research', 'smart-contracts', 'staking', 'hybrid-pow-dpos', 'huobi-capital-portfolio', 'web3', 'injective-ecosystem', 'bnb-chain', 'dwf-labs-portfolio']",,4046057818.32,5008557832.59,True,,99,4046056316.21,787649256.9704616,,2024-06-08T19:20:00.000Z,"{'USD': {'price': 0.1946708585876195, 'volume_24h': 28222869.06239993, 'volume_change_24h': -50.6137, 'percent_change_1h': -0.78305868, 'percent_change_24h': -2.63369172, 'percent_change_7d': -8.75372268, 'percent_change_30d': -9.97907894, 'percent_change_60d': -42.77151235, 'percent_change_90d': -39.1700528, 'market_cap': 787649549.387505, 'market_cap_dominance': 0.031, 'fully_diluted_market_cap': 975020253.56, 'tvl': None, 'last_updated': '2024-06-08T19:20:00.000Z'}}",https://whitepaper.io/document/717/conflux-network-whitepaper,https://confluxnetwork.org/files/Conflux_Economic_Paper_20201230.pdf,https://whitepaper.io/document/717/conflux-network-whitepaper
99,1966,Decentraland,MANA,decentraland,500,2017-09-17T00:00:00.000Z,"['platform', 'collectibles-nfts', 'gaming', 'payments', 'metaverse', 'boostvc-portfolio', 'dcg-portfolio', 'fabric-ventures-portfolio', 'kenetic-capital-portfolio', 'polygon-ecosystem', 'play-to-earn', 'sec-security-token', 'alleged-sec-securities']",,1908319865.391588,2193179327.320146,False,"{'id': 1027, 'name': 'Ethereum', 'symbol': 'ETH', 'slug': 'ethereum', 'token_address': '0x0f5d2fb29fb7d3cfee444a200298f468908cc942'}",100,,,,2024-06-08T19:20:00.000Z,"{'USD': {'price': 0.4123618814105839, 'volume_24h': 61906002.93851132, 'volume_change_24h': -12.8972, 'percent_change_1h': -0.4950375, 'percent_change_24h': -4.71738858, 'percent_change_7d': -7.36948057, 'percent_change_30d': -4.28114318, 'percent_change_60d': -32.63053116, 'percent_change_90d': -47.89930682, 'market_cap': 786918370.0260674, 'market_cap_dominance': 0.031, 'fully_diluted_market_cap': 904383553.68, 'tvl': None, 'last_updated': '2024-06-08T19:20:00.000Z'}}",https://whitepaper.io/document/92/decentraland-whitepaper,https://decentraland.org/whitepaper.pdf,https://whitepaper.io/document/92/decentraland-whitepaper
